id,date,kospi_close,kospi_chg_pct,clean_day,event,category,time_kst,scheduled,expected_vs_actual,news_N,impact_I,direction,importance,confidence,exposure,unverified,market_closed
KR-20250102-01,2025-01-02,2398.94,-0.02,N,"새해 첫 거래일 약보합, 2400선 탈환 실패. 외국인 2,384억·기관 1,991억 동반 순매도 (계엄·탄핵 정국 불확실성 지속)",수급,장중,—,—,3,1,◆,1.8,C,지수,N,N
KR-20250102-02,2025-01-02,2398.94,-0.02,N,"코스닥 +1.24%(686.63) 강세, 대형주 대비 차별화",수급,장중,—,—,2,1,▲,1.4,C,코스닥,N,N
KR-20250103-01,2025-01-03,2441.92,1.79,N,"정치 불확실성 완화 기대(윤 대통령 체포영장 집행 시도) 속 외국인(2,808억)·기관(3,180억) 동반 순매수로 6거래일 만에 반등",수급,장중,돌발,—,3,3,▲,3.0,C,지수,N,N
KR-20250103-02,2025-01-03,2441.92,1.79,N,"중국 경기부양 기대 + 낙폭과대 저가매수 → SK하이닉스 +6.25%, NAVER +3.46%, LG에너지솔루션 +2.89%",해외증시,전일밤,—,—,2,2,▲,2.0,C,반도체·2차전지,N,N
KR-20250106-01,2025-01-06,2488.64,1.91,N,"CES 2025 개막 앞두고 AI 반도체 기대 → SK하이닉스 +9.84%, 삼성전자 +2.76%",반도체/AI,장중,예정,—,3,3,▲,3.0,C,반도체,N,N
KR-20250106-02,2025-01-06,2488.64,1.91,N,"외국인·기관 동반 순매수, 2거래일 연속 상승",수급,장중,—,—,2,2,▲,2.0,C,지수,N,N
KR-20250107-01,2025-01-07,2492.1,0.14,N,"젠슨 황 CES 기조연설(1/7 11:30 KST) 한국 메모리 언급 실망 → SK하이닉스 -2.40%, 삼성전자 -0.89%, 장중 2500 돌파 후 반납",반도체/AI,11:30 장중,예정,기대 대비 실망,3,2,▼,2.4,A,반도체,N,N
KR-20250107-02,2025-01-07,2492.1,0.14,N,"외국인 순매수 지속, 3거래일 연속 상승",수급,장중,—,—,2,1,▲,1.4,C,지수,N,N
KR-20250108-01,2025-01-08,2521.05,1.16,N,"삼성전자 4Q24 잠정실적(08:00 장전) 영업이익 6.5조, 컨센서스(약 7.7조) 하회에도 ""악재 선반영·바닥"" 인식에 +3.43%",기업실적,08:00 장전,예정,"컨센 대비 약 -15%, 주가는 상승",4,3,▲,3.4,B,삼성전자·반도체,N,N
KR-20250108-02,2025-01-08,2521.05,1.16,N,"KOSPI 4거래일 연속 상승, 11/26 이후 최고치(외국인 2,036억·기관 1,096억 순매수)",수급,장중,—,—,2,2,▲,2.0,C,지수,N,N
KR-20250109-01,2025-01-09,2521.9,0.03,N,SK하이닉스 +5.29% (HBM 기대),반도체/AI,장중,—,—,2,2,▲,2.0,C,SK하이닉스,N,N
KR-20250109-02,2025-01-09,2521.9,0.03,N,"미 12월 고용보고서(1/10) 경계 속 5거래일 연속 상승, 외국인 7,517억 순매수·기관 5,031억 매도",수급,장중,—,—,2,1,◆,1.4,C,지수,N,N
KR-20250109-03,2025-01-09,2521.9,0.03,N,미국 증시 카터 전 대통령 국장으로 휴장(1/9 美),해외증시,—,예정,—,1,1,◆,1.0,C,—,N,N
KR-20250110-01,2025-01-10,2515.78,-0.24,N,미 12월 고용지표 발표(22:30) 앞둔 경계감에 6거래일 만에 하락,거시지표,당일 22:30,예정,—,2,1,▼,1.4,C,지수,N,N
KR-20250113-01,2025-01-13,2489.56,-1.04,Y,미 12월 비농업고용 +25.6만(예상 16만) 서프라이즈 → 연준 인하 기대 후퇴·미 국채금리 급등,거시지표,1/10 22:30,예정,예상 +16만 → 실제 +25.6만,4,3,▼,3.4,B,지수·성장주,N,N
KR-20250113-02,2025-01-13,2489.56,-1.04,Y,"외국인 약 8,700억 순매도, 2일 연속 매도",수급,장중,—,—,2,2,▼,2.0,C,지수,N,N
KR-20250114-01,2025-01-14,2497.4,0.31,N,"개인 순매수로 3거래일 만에 반등(장중 2,482 저점 후 회복), 유리기판 테마 강세",수급,장중,—,—,2,1,▲,1.4,C,지수·유리기판,N,N
KR-20250115-01,2025-01-15,2496.81,-0.02,N,"윤석열 대통령 체포(공수처 2차 영장 집행, 오전 10:33) — 장초 +1% 이상 상승 후 반납, 약보합",정치,10:33 장중,돌발,—,5,2,◆,3.2,A,지수·환율,N,N
KR-20250115-02,2025-01-15,2496.81,-0.02,N,"원/달러 1,461원 마감, 고환율 지속",환율,장중,—,—,2,1,▼,1.4,C,수입업종,N,N
KR-20250116-01,2025-01-16,2527.49,1.23,N,"미 12월 CPI 근원 3.2%로 예상(3.3%) 하회(1/15 22:30) → 물가 안도 랠리, 외국인 2,272억 순매수",거시지표,1/15 22:30,예정,근원 예상 3.3% → 실제 3.2%,4,3,▲,3.4,B,지수,N,N
KR-20250116-02,2025-01-16,2527.49,1.23,N,"한은 기준금리 3.00% 깜짝 동결(10:00경) — 시장은 인하 예상, 환율 방어 우선",통화정책,10:00 장중,예정,예상 인하 → 실제 동결,4,2,◆,2.8,A,금리민감주·은행,N,N
KR-20250116-03,2025-01-16,2527.49,1.23,N,TSMC 4Q 호실적(당일 15:00경) 기대 → SK하이닉스 +5.95%,반도체/AI,장중,예정,—,3,2,▲,2.4,C,반도체,N,N
KR-20250117-01,2025-01-17,2523.55,-0.16,N,"트럼프 취임(1/20) 앞두고 관망, 외국인 순매도 전환",수급,장중,—,—,2,1,▼,1.4,C,지수,N,N
KR-20250120-01,2025-01-20,2520.05,-0.14,N,"트럼프 취임식(1/21 02:00 KST) 앞 관망, 2거래일 연속 약세",정책(해외),1/21 02:00,예정,—,3,1,◆,1.8,C,지수,N,N
KR-20250121-01,2025-01-21,2518.03,-0.08,N,"트럼프 전기차 의무화 폐지 행정명령 → 2차전지 급락(포스코퓨처엠 -9.88%, 에코프로비엠 -8.62%, LG에너지솔루션 -4.32%)",정책(해외),1/21 새벽,돌발,—,4,3,▼,3.4,B,2차전지,N,N
KR-20250121-02,2025-01-21,2518.03,-0.08,N,"트럼프 취임 첫날 ""보편관세 아직 준비 안 돼"" 발언 → 장초 2,548까지 상승, 이후 ""2/1부터 멕시코·캐나다 25%"" 발언에 하락 전환",정책(해외),장중,돌발,즉시 보편관세 예상 → 유예,5,2,◆,3.2,A,지수·수출주,N,N
KR-20250121-03,2025-01-21,2518.03,-0.08,N,"""미국 에너지 우위·조선 협력"" 기대 → 조선·원전·방산 강세(HD현대미포 +9.67%, HD현대중공업 +6.00%)",정책(해외),1/21 새벽,돌발,—,3,2,▲,2.4,B,조선·원전·방산,N,N
KR-20250122-01,2025-01-22,2547.06,1.15,Y,"미 ""스타게이트"" AI 인프라 투자(오픈AI·소프트뱅크·오라클 최대 5,000억달러) 발표(1/22 07:00 KST) → AI·반도체 강세, 두 달 반 만에 2,540선",반도체/AI,1/22 07:00,돌발,—,4,3,▲,3.4,B,반도체·AI,N,N
KR-20250123-01,2025-01-23,2515.49,-1.24,N,"SK하이닉스 4Q24 영업이익 8.08조(사상 최대, 삼성전자 전사 추월) 발표(08:00 장전)에도 차익실현 -3%대",기업실적,08:00 장전,예정,컨센 부합·사상 최대 → 주가 하락,4,2,▼,2.8,B,SK하이닉스,N,N
KR-20250123-02,2025-01-23,2515.49,-1.24,N,"설 연휴 앞 차익실현, 1%대 하락",수급,장중,—,—,2,2,▼,2.0,C,지수,N,N
KR-20250124-01,2025-01-24,2536.8,0.85,N,"트럼프 ""금리·유가 내려야"" 다보스 발언(1/23 美) → 위험선호, 연휴 앞 외국인 2,301억 순매수",정책(해외),1/24 01:00,돌발,—,3,2,▲,2.4,B,지수,N,N
KR-20250127-01,2025-01-27,,,N,"[휴장: 임시공휴일] 중국 딥시크(DeepSeek) R1 쇼크 — 저비용 고성능 AI 공개로 美 엔비디아 -17%(시총 약 5,900억달러 증발). 1/31 국내 반영",반도체/AI,1/27 美 장중,돌발,—,5,4,▼,4.4,B,반도체·전력기기,N,Y
KR-20250131-01,2025-01-31,2517.37,-0.77,Y,"설 연휴(1/27~30) 후 딥시크 쇼크 반영 → SK하이닉스 -8.37%(장중 20만원 붕괴), 한미반도체 -6.72%, 삼성전자 -2.42%",반도체/AI,휴장 중 발생,돌발,—,5,3,▼,3.8,B,AI 반도체·HBM,N,N
KR-20250131-02,2025-01-31,2517.37,-0.77,Y,딥시크 수혜 기대로 NAVER·카카오 등 AI 소프트웨어 강세(저비용 AI 모델 확산 수혜),반도체/AI,휴장 중 발생,돌발,—,3,2,▲,2.4,B,AI 소프트웨어,N,N
KR-20250131-03,2025-01-31,2517.37,-0.77,Y,"FOMC 기준금리 4.25~4.50% 동결(1/30 04:00 KST, 연휴 중)",통화정책,1/30 04:00,예정,예상 동결 부합,2,1,◆,1.4,B,지수,N,N
KR-20250203-01,2025-02-03,2453.95,-2.52,Y,"트럼프, 멕시코·캐나다 25%·중국 10% 관세 행정명령 서명(2/2 KST) → 관세전쟁 본격화 ""블랙먼데이"", 2,500선 붕괴",정책(해외),2/2 주말,돌발,—,5,4,▼,4.4,B,지수·수출주·자동차,N,N
KR-20250203-02,2025-02-03,2453.95,-2.52,Y,"원/달러 1,470원 돌파",환율,장중,—,—,3,2,▼,2.4,C,지수,N,N
KR-20250204-01,2025-02-04,2481.69,1.13,N,"美, 멕시코·캐나다 관세 30일 유예(2/4 새벽 KST) → 관세 우려 완화, 환율 1,450원대 후반 진정",정책(해외),2/4 새벽,돌발,부과 예상 → 유예,4,3,▲,3.4,B,지수·자동차,N,N
KR-20250204-02,2025-02-04,2481.69,1.13,N,美 대중 10% 관세 발효(14:01 KST) + 중국 보복관세 발표 → 상승폭 제한,정책(해외),14:01 장중,예정,—,3,2,▼,2.4,A,지수·중국 관련주,N,N
KR-20250205-01,2025-02-05,2509.27,1.11,N,"관세전쟁 우려 감소, 외국인·기관 동반 순매수로 2,500선 회복. IT서비스 +4.06%",수급,장중,—,—,2,2,▲,2.0,C,지수,N,N
KR-20250206-01,2025-02-06,2536.75,1.10,N,"美 국채금리 하락·금리 안정 → 외국인·기관 순매수로 1%대 상승, 딥시크·관세 충격 이전 수준 회복",거시지표,전일밤,—,—,2,2,▲,2.0,C,지수,N,N
KR-20250207-01,2025-02-07,2521.92,-0.58,N,美 1월 고용보고서(22:30) 대기 속 외국인·기관 매도로 4거래일 만에 하락,수급,장중,—,—,2,1,▼,1.4,C,지수,N,N
KR-20250210-01,2025-02-10,2521.27,-0.03,N,"트럼프 ""모든 철강·알루미늄 25% 관세"" 발언(2/10 KST 오전, 에어포스원) → 철강주 하락(대한제강·동국제강·세아베스틸 -3%대, 현대제철 -2%)",정책(해외),2/10 오전,돌발,—,4,2,▼,2.8,B,철강,N,N
KR-20250210-02,2025-02-10,2521.27,-0.03,N,"장초 2,500선 하회 후 저가매수로 약보합 마감",수급,장중,—,—,1,1,◆,1.0,C,지수,N,N
KR-20250211-01,2025-02-11,2539.05,0.71,N,"철강·알루미늄 25% 관세 포고문 서명(2/11 KST 새벽, 3/12 발효)에도 사흘 만에 반등 — 영향 제한적 평가",정책(해외),2/11 새벽,예정,예고된 조치,3,2,▲,2.4,B,지수·철강,N,N
KR-20250212-01,2025-02-12,2548.39,0.37,N,"美 1월 CPI(22:30) 앞 관망, 조선주 강세(운송장비 +3.72%)",수급,장중,—,—,2,1,▲,1.4,C,조선,N,N
KR-20250213-01,2025-02-13,2583.17,1.36,N,"트럼프 상호관세 ""검토 지시"" 각서(2/14 03:00 KST 예정 보도) — 즉시 부과 아님 기대 → 현대차·기아 제외 기대, 3개월 최고",정책(해외),장중(보도),예정,—,4,3,▲,3.4,C,지수·자동차,N,N
KR-20250213-02,2025-02-13,2583.17,1.36,N,"기관 6,563억 순매수, 외국인 선물 7,752억 순매수",수급,장중,—,—,2,2,▲,2.0,C,지수,N,N
KR-20250213-03,2025-02-13,2583.17,1.36,N,美 1월 CPI 3.0%로 예상(2.9%) 상회(2/12 22:30) — 영향은 제한,거시지표,2/12 22:30,예정,예상 2.9% → 실제 3.0%,3,1,▼,1.8,B,금리민감주,N,N
KR-20250214-01,2025-02-14,2591.05,0.31,N,"상호관세 즉시 부과 없음 확인(2/14 새벽) → 불확실성 완화, 강보합",정책(해외),2/14 03:00,예정,즉시 부과 우려 → 검토 지시,3,1,▲,1.8,B,지수,N,N
KR-20250217-01,2025-02-17,2610.42,0.75,N,"기관 2,164억 순매수로 3개월 반 만에 2,610선 회복, 보험 +6.15%(밸류업·고배당)",수급,장중,—,—,2,2,▲,2.0,C,보험·금융,N,N
KR-20250218-01,2025-02-18,2626.81,0.63,N,국내 정치·미국발 악재 완화 속 상승 지속,수급,장중,—,—,1,1,▲,1.0,C,지수,N,N
KR-20250219-01,2025-02-19,2671.52,1.70,N,"외국인(3,954억)·기관(7,809억) 쌍끌이 매수로 7거래일 연속 상승, 5개월 만에 2,670선. 삼성전자 +3.16%, SK하이닉스 +4.05%",수급,장중,—,—,3,3,▲,3.0,C,지수·반도체,N,N
KR-20250220-01,2025-02-20,2654.06,-0.65,N,조선·전력기기·건설·반도체 주도주 차익실현으로 8거래일 만에 하락,수급,장중,—,—,2,1,▼,1.4,C,주도업종,N,N
KR-20250221-01,2025-02-21,2654.58,0.02,N,"숨고르기 보합, 외국인 2,187억 순매도",수급,장중,—,—,1,1,◆,1.0,C,지수,N,N
KR-20250224-01,2025-02-24,2645.27,-0.35,N,"美 경기 우려(2/21 소비심리·서비스 PMI 부진, 美 증시 급락) → 외국인·기관 동반 매도, 삼성전자 -1.55%",거시지표,2/22 새벽,예정,예상 하회,3,2,▼,2.4,B,지수,N,N
KR-20250225-01,2025-02-25,2630.29,-0.57,N,"한은 기준금리 0.25%p 인하 → 2.75%(만장일치, 10:00경), 성장률 전망 1.9%→1.5% 하향",통화정책,10:00 장중,예정,예상 인하 부합,4,2,◆,2.8,A,금리민감주·지수,N,N
KR-20250225-02,2025-02-25,2630.29,-0.57,N,"美 기술주 부진 → 2일 연속 하락, 2차전지 약세(LG에너지솔루션 -3.11%)",해외증시,전일밤,—,—,2,2,▼,2.0,B,2차전지,N,N
KR-20250226-01,2025-02-26,2641.03,0.41,N,엔비디아 실적(2/27 06:20 KST) 대기 속 소폭 반등,반도체/AI,장중,예정,—,1,1,▲,1.0,C,반도체,N,N
KR-20250227-01,2025-02-27,2621.75,-0.73,N,"엔비디아 4Q 호실적(2/27 새벽)에도 외국인(2,780억)·기관(2,378억) 동반 매도로 하락 — 호재 선반영",반도체/AI,2/27 06:20,예정,컨센 상회 → 주가 하락,3,2,▼,2.4,B,반도체,N,N
KR-20250228-01,2025-02-28,2532.78,-3.39,Y,"""검은 금요일"": 트럼프 멕시코·캐나다 25% 3/4 강행 + 중국 10% 추가 관세 발언(2/28 새벽) + 엔비디아 -8.5% → 코스피 -3.39%, 코스닥 -3.49%",정책(해외),2/28 새벽,돌발,—,5,4,▼,4.4,B,지수·반도체,N,N
KR-20250228-02,2025-02-28,2532.78,-3.39,Y,"외국인 1.5조원 순매도, 10거래일 만에 2,600선 붕괴(삼성전자 -3.20%, SK하이닉스 -4.52%)",수급,장중,—,—,3,3,▼,3.0,C,반도체,N,N
KR-20250304-01,2025-03-04,2528.92,-0.15,N,"美 멕시코·캐나다 25%·중국 추가 10% 관세 발효(3/4 14:01 KST), 중국 보복관세 발표 — 삼일절 연휴 후 약보합 선방",정책(해외),14:01 장중,예정,예고된 조치,4,1,◆,2.2,A,지수,N,N
KR-20250305-01,2025-03-05,2558.13,1.16,N,"트럼프 의회 연설(반도체법 폐지 언급, 3/5 11:00 KST)·中 양회 경기부양 목표 → 업종 순환매, 건설 +5%, 전기가스 +4.78%",정책(해외),11:00 장중,예정,—,3,2,▲,2.4,A,건설·유틸리티,N,N
KR-20250305-02,2025-03-05,2558.13,1.16,N,"SK하이닉스 +3.76%, 삼성전자 -0.92%(반도체법 폐지 우려)",반도체/AI,장중,—,—,2,2,◆,2.0,C,반도체,N,N
KR-20250306-01,2025-03-06,2576.16,0.70,N,"外人·기관 쌍끌이 매수, 원/달러 12원 하락(달러 약세) → 연이틀 강세",환율,장중,—,—,2,2,▲,2.0,C,지수,N,N
KR-20250307-01,2025-03-07,2563.48,-0.49,N,"법원, 윤 대통령 구속취소 결정(오후) → 정치 불확실성 확대, 변동성 확대",정치,14:00경 장중,돌발,—,5,2,▼,3.2,A,지수·정치테마,N,N
KR-20250307-02,2025-03-07,2563.48,-0.49,N,트럼프 관세 불확실성 지속(美 증시 하락),정책(해외),전일밤,—,—,2,1,▼,1.4,B,지수,N,N
KR-20250310-01,2025-03-10,2570.39,0.27,N,윤 대통령 석방(3/8) 후 첫 거래일 — 개인·기관 순매수로 강보합(정치 이벤트 영향 제한),정치,3/8 주말,돌발,—,3,1,◆,1.8,C,지수,N,N
KR-20250311-01,2025-03-11,2537.6,-1.28,N,"美 경기침체 공포: 트럼프 ""과도기"" 발언·침체 배제 안 해 → 나스닥 -4%(3/10 美) → 코스피 2%대 급락 출발 후 개인 4,900억 매수로 낙폭 축소",거시지표,3/11 새벽,돌발,—,4,3,▼,3.4,B,지수·성장주,N,N
KR-20250311-02,2025-03-11,2537.6,-1.28,N,테슬라 급락 → 2차전지 약세 지속,해외증시,3/11 새벽,—,—,2,2,▼,2.0,B,2차전지,N,N
KR-20250312-01,2025-03-12,2574.82,1.47,N,"반도체 업황 회복 전망 + 외국인 3,812억 순매수 → SK하이닉스 +5.91%, 삼성전자 +2.43%",반도체/AI,장중,—,—,3,3,▲,3.0,C,반도체,N,N
KR-20250312-02,2025-03-12,2574.82,1.47,N,美 철강·알루미늄 25% 관세 발효(3/12 13:01 KST),정책(해외),13:01 장중,예정,예고된 조치,2,1,◆,1.4,A,철강,N,N
KR-20250313-01,2025-03-13,2573.64,-0.05,N,"美 2월 CPI 2.8%로 예상 하회(3/12 21:30)에도 외국인 4,929억 매도로 보합 — 장초 2,598 후 반납",거시지표,3/12 21:30,예정,예상 2.9% → 실제 2.8%,3,1,◆,1.8,B,지수,N,N
KR-20250314-01,2025-03-14,2566.36,-0.28,N,"트럼프 관세 불확실성 + FOMC·BOJ(3/19) 앞 경계 → 외국인·기관 매도, 2일 연속 하락. 코스닥은 +1%",수급,장중,—,—,2,1,▼,1.4,C,지수,N,N
KR-20250317-01,2025-03-17,2610.69,1.73,N,"中 소비진작 특별행동방안(3/16) + 美 증시 반등 → 외국인·기관 매수, 삼성전자 등 반도체·방산 강세, 2,600선 탈환(+1.73%)",해외증시,3/16 주말,돌발,—,3,3,▲,3.0,B,반도체·방산·중국소비,N,N
KR-20250318-01,2025-03-18,2612.34,0.06,N,"외국인 4,354억 순매수, 강보합",수급,장중,—,—,1,1,▲,1.0,C,지수,N,N
KR-20250319-01,2025-03-19,2629.18,0.64,N,"반도체주 강세(마이크론 실적 기대)가 지수 견인, FOMC 결과(3/20 03:00) 대기",반도체/AI,장중,—,—,2,2,▲,2.0,C,반도체,N,N
KR-20250320-01,2025-03-20,2637.1,0.30,N,"FOMC 4.25~4.50% 동결, 연 2회 인하 점도표 유지·파월 ""침체 가능성 높지 않다""(3/20 03:00 KST) → 투심 개선",통화정책,3/20 03:00,예정,예상 부합(비둘기 해석),4,2,▲,2.8,B,지수,N,N
KR-20250320-02,2025-03-20,2637.1,0.30,N,삼성전자 정기주총(수원) — 주가 6만원대 회복,기업이벤트,09:00 장중,예정,—,3,1,▲,1.8,A,삼성전자,N,N
KR-20250321-01,2025-03-21,2643.13,0.23,N,"마이크론 FQ2 호실적(3/21 05:00 KST) → 삼성전자 +2.49%, SK하이닉스 +2.62%, 외국인 8,512억 순매수, 5거래일 연속 상승",반도체/AI,3/21 05:00,예정,컨센 상회,3,2,▲,2.4,B,반도체,N,N
KR-20250324-01,2025-03-24,2632.07,-0.42,N,"헌재, 한덕수 국무총리(대통령 권한대행) 탄핵 기각(10:00, 기각5·각하2·인용1) → 권한대행 복귀",정치,10:00 장중,예정,—,5,1,◆,2.6,A,지수,N,N
KR-20250324-02,2025-03-24,2632.07,-0.42,N,"개인 매도로 약보합, 한화에어로스페이스 +7%대(유상증자 전 방산 강세)",수급,장중,—,—,2,1,▼,1.4,C,방산,N,N
KR-20250325-01,2025-03-25,2615.81,-0.62,N,美 4/2 상호관세 발표 경계 + 산불 확산 등으로 이틀 연속 하락,수급,장중,—,—,2,1,▼,1.4,C,지수,N,N
KR-20250326-01,2025-03-26,2643.94,1.08,N,이재명 대표 공직선거법 2심 무죄(15:00경) — 정치 불확실성 해소 기대 해석,정치,15:00 장중,예정,1심 유죄 → 2심 무죄,5,1,▲,2.6,C,정치테마,N,N
KR-20250326-02,2025-03-26,2643.94,1.08,N,"트럼프 ""상호관세 유연성"" 발언 → 관세 완화 기대, 외국인 3,501억·기관 2,595억 순매수로 3거래일 만에 반등",정책(해외),3/25 새벽,돌발,—,3,2,▲,2.4,B,지수,N,N
KR-20250327-01,2025-03-27,2607.15,-1.39,Y,"트럼프, 수입 자동차·부품 25% 관세 행정명령 서명(3/27 05:00 KST, 4/3 발효) → 현대차 -3.38%, 기아 -2.07%",정책(해외),3/27 05:00,돌발,—,5,3,▼,3.8,B,자동차·부품,N,N
KR-20250328-01,2025-03-28,2557.98,-1.89,N,"공매도 전면 재개(3/31) 앞 투심 위축 + 관세 불확실성 → 1.89% 하락, 코스닥 700선 붕괴(693.76)",시장제도,3/31 예정,예정,—,4,3,▼,3.4,C,지수·2차전지·바이오,N,N
KR-20250331-01,2025-03-31,2481.12,-3.00,N,"공매도 전면 재개 첫날(17개월 만) → 외국인 약 1.6조 순매도, 삼성전자 6만원 붕괴, 전 업종 하락(전기전자 -4.35%)",시장제도,09:00,예정,—,5,4,▼,4.4,A,지수·2차전지·반도체,N,N
KR-20250331-02,2025-03-31,2481.12,-3.00,N,美 2월 근원 PCE 예상 상회(3/28) + 상호관세 우려 → 美 나스닥 -2.7%,거시지표,3/28 21:30,예정,예상 상회,3,3,▼,3.0,B,지수,N,N
KR-20250401-01,2025-04-01,2521.39,1.62,N,전일 급락 후 저가매수 반등(+1.62%),수급,장중,—,—,2,2,▲,2.0,C,지수,N,N
KR-20250402-01,2025-04-02,2505.86,-0.62,N,"美 상호관세 발표(4/3 05:00 KST, 로즈가든) 앞 경계감 → 외국인 7,280억 순매도",정책(해외),4/3 05:00 예정,예정,—,3,2,▼,2.4,C,지수,N,N
KR-20250403-01,2025-04-03,2486.7,-0.76,N,"美 상호관세 발표: 한국 25%(기본 10% + 추가), 자동차 25% 관세 발효 → 장초 -2.73%(2,437) 출발 후 낙폭 축소",정책(해외),4/3 05:00,예정,예상(10~20%) 상회,5,3,▼,3.8,B,지수·자동차·수출주,N,N
KR-20250403-02,2025-04-03,2486.7,-0.76,N,"원/달러 1,467원",환율,장중,—,—,2,1,▼,1.4,C,지수,N,N
KR-20250404-01,2025-04-04,2465.42,-0.86,N,"美 상호관세 충격 지속(4/3 나스닥 -6%), 외국인 1조 7,860억 순매도(3년 3개월 만 최대)",해외증시,4/4 새벽,돌발,—,5,3,▼,3.8,B,지수,N,N
KR-20250404-02,2025-04-04,2465.42,-0.86,N,"헌재, 윤석열 대통령 파면(11:22, 8:0 만장일치) → 선고 전 2,500 터치 후 ""불확실성 해소"" 차익매물로 반락, 정치테마주 상한가",정치,11:22 장중,예정,인용 예상 부합,5,2,◆,3.2,A,지수·정치테마,N,N
KR-20250407-01,2025-04-07,2328.2,-5.57,Y,"글로벌 관세 폭락장: 중국 34% 보복관세 → 美 S&P500 이틀간 -10.6%. 코스피 -5.57%, 09:12 매도 사이드카(8개월 만), SK하이닉스 -10%",정책(해외),4/4~5 美,돌발,—,5,5,▼,5.0,B,지수 전반,N,N
KR-20250407-02,2025-04-07,2328.2,-5.57,Y,"아시아 동반 폭락(닛케이 -7.8%, 항셍 -13%), 원/달러 +33.7원 급등",해외증시,장중,돌발,—,4,4,▼,4.0,A,지수·환율,N,N
KR-20250408-01,2025-04-08,2334.23,0.26,N,"삼성전자 1Q 잠정실적(장전) 영업이익 6.6조, 컨센서스(약 5.1조) 상회",기업실적,08:00 장전,예정,컨센 대비 약 +29%,3,2,▲,2.4,B,삼성전자,N,N
KR-20250408-02,2025-04-08,2334.23,0.26,N,"5거래일 만에 반등 — 장초 +2.28%(2,380) 후 외국인·기관 매도로 상승분 대부분 반납, 개인 6,015억 순매수",수급,장중,—,—,2,1,▲,1.4,C,지수,N,N
KR-20250409-01,2025-04-09,2293.7,-1.74,N,"美 상호관세 정식 발효(13:01 KST) + 美 대중 104% vs 中 84% 맞불 → 1년 5개월 만에 2,300 하회",정책(해외),13:01 장중,예정,—,5,3,▼,3.8,A,지수,N,N
KR-20250409-02,2025-04-09,2293.7,-1.74,N,외국인 1조 91억 순매도(9거래일 연속 매도),수급,장중,—,—,3,3,▼,3.0,C,지수,N,N
KR-20250410-01,2025-04-10,2445.06,6.60,Y,"트럼프, 상호관세 90일 유예(중국 제외) 발표(4/10 02:18 KST) → 美 나스닥 +12%, 코스피 +6.60%, 양 시장 매수 사이드카(09:06)",정책(해외),4/10 02:18,돌발,부과 예상 → 유예,5,5,▲,5.0,B,지수 전반,N,N
KR-20250410-02,2025-04-10,2445.06,6.60,Y,"외국인 선물 1.2조·현물 3,200억 순매수, 연기금 매수 확대",수급,장중,—,—,3,3,▲,3.0,C,지수,N,N
KR-20250411-01,2025-04-11,2432.72,-0.50,N,"백악관, 대중 관세 합계 145% 확인 → 美 증시 반락, 코스피 하루 만에 하락. 원/달러 1,449.9원으로 급락(원화 강세)",정책(해외),4/11 새벽,돌발,125% 인식 → 145% 확인,4,2,▼,2.8,B,지수,N,N
KR-20250414-01,2025-04-14,2455.89,0.95,N,"美, 스마트폰·반도체 등 전자제품 상호관세 제외(4/12 발표) → 삼성전자 +3.34%, SK하이닉스 +3.69%",정책(해외),4/12 주말,돌발,—,4,2,▲,2.8,B,반도체·IT,N,N
KR-20250415-01,2025-04-15,2477.41,0.88,N,관세 불확실성 완화 속 3거래일 연속 상승,수급,장중,—,—,1,1,▲,1.0,C,지수,N,N
KR-20250416-01,2025-04-16,2447.43,-1.21,Y,"美, 엔비디아 H20 대중 수출 허가제 → 엔비디아 55억달러 손실 반영 공시(4/16 05:00 KST) → 삼성전자 -3.36%, SK하이닉스 -3.65%",반도체/AI,4/16 05:00,돌발,—,4,3,▼,3.4,B,반도체,N,N
KR-20250416-02,2025-04-16,2447.43,-1.21,Y,"외국인 4,645억 순매도, 코스닥 700선 붕괴",수급,장중,—,—,2,2,▼,2.0,C,지수,N,N
KR-20250417-01,2025-04-17,2470.41,0.94,N,한은 기준금리 2.75% 동결(10:00경) — 환율·관세 불확실성에 숨 고르기,통화정책,10:00 장중,예정,예상 부합(일부 인하 기대),4,1,◆,2.2,A,금리민감주,N,N
KR-20250417-02,2025-04-17,2470.41,0.94,N,"파월 ""관세로 인플레·성장 딜레마"" 발언에도 저가매수 반등",통화정책,4/17 02:00,돌발,—,2,1,▲,1.4,B,지수,N,N
KR-20250418-01,2025-04-18,2483.42,0.53,N,"미·유럽 부활절 연휴 앞 관망, 이틀 연속 반등",수급,장중,—,—,1,1,▲,1.0,C,지수,N,N
KR-20250421-01,2025-04-21,2488.42,0.20,N,"트럼프, 파월 의장 해임 압박 → 연준 독립성 우려(4/21 美 증시 급락은 4/22 반영)",정책(해외),4/18~21,돌발,—,3,1,◆,1.8,C,지수,N,N
KR-20250422-01,2025-04-22,2486.64,-0.07,N,"美 증시 급락(파월 해임 우려, 4/21 美 -2.4%)에도 약보합 — 한·미 관세 협상(4/24) 앞 경계",정책(해외),4/22 새벽,돌발,—,3,1,▼,1.8,B,지수,N,N
KR-20250423-01,2025-04-23,2525.56,1.57,Y,"트럼프 ""파월 해임 의향 없다""·""대중 관세 상당히 인하될 것"" 발언(4/23 새벽) → 2,500선 회복(+1.57%)",정책(해외),4/23 새벽,돌발,—,4,3,▲,3.4,B,지수,N,N
KR-20250424-01,2025-04-24,2522.33,-0.13,N,"SK하이닉스 1Q 영업이익 7.44조(장전), 컨센서스(약 6.6조) 상회",기업실적,08:00 장전,예정,컨센 대비 약 +13%,3,2,▲,2.4,B,SK하이닉스,N,N
KR-20250424-02,2025-04-24,2522.33,-0.13,N,"한·미 2+2 통상협의(워싱턴, 4/24 밤 KST) 앞 관망",정책,4/24 밤,예정,—,3,1,◆,1.8,C,지수,N,N
KR-20250425-01,2025-04-25,2546.3,0.95,N,"한·미 2+2 통상협의 ""성공적""(美 재무장관) — 7월까지 관세 철폐 ""7월 패키지"" 합의 목표 → 외국인 2,399억·기관 5,101억 순매수",정책,4/25 새벽,예정,—,4,2,▲,2.8,B,지수·자동차,N,N
KR-20250428-01,2025-04-28,2548.86,0.10,N,"SK텔레콤 유심(USIM) 해킹(2,300만 가입자, 4/22 공개) 여파 → SKT -6.75%, 보안·유심 관련주 상한가",기업이벤트,4/22 공개,돌발,—,5,1,▼,2.6,C,SKT·보안주,N,N
KR-20250428-02,2025-04-28,2548.86,0.10,N,"美 경제지표·빅테크 실적 앞 관망, 코스닥 -1.41%",수급,장중,—,—,1,1,◆,1.0,C,코스닥,N,N
KR-20250429-01,2025-04-29,2565.42,0.65,N,미·중 협상 기대·주요 기업 실적 속 기관 순매수로 4거래일 연속 상승,수급,장중,—,—,1,1,▲,1.0,C,지수,N,N
KR-20250430-01,2025-04-30,2556.61,-0.34,N,"LG에너지솔루션 -7.29%(1Q 실적 후), 외국인·기관 동반 매도",기업실적,장중,—,—,2,2,▼,2.0,C,2차전지,N,N
KR-20250430-02,2025-04-30,2556.61,-0.34,N,"삼성전자 1Q 확정실적(영업이익 6.7조, 역대 최대 분기 매출 79.1조) 발표(장전)",기업실적,08:00 장전,예정,잠정치 부합,3,1,◆,1.8,B,삼성전자,N,N
KR-20250502-01,2025-05-02,2559.79,0.12,N,"한덕수 권한대행 사퇴(5/1, 대선 출마)·최상목 부총리 사퇴(5/1 밤) → 이주호 대행 체제",정치,5/1 휴장,돌발,—,5,1,◆,2.6,C,지수,N,N
KR-20250502-02,2025-05-02,2559.79,0.12,N,"MS·메타 호실적(5/1 새벽) + 미·중 협상 기대 → 강보합, 4일 연휴 앞 관망",해외증시,5/1 새벽,예정,컨센 상회,3,1,▲,1.8,B,AI·반도체,N,N
KR-20250507-01,2025-05-07,2573.8,0.55,N,"연휴 중 대만달러 폭등 등 아시아 통화 급등 → 원/달러 1,380원 개장(-25.3원, 6개월 최저) → 외국인 3,498억 순매수",환율,5/3~6 휴장 중,돌발,—,4,2,▲,2.8,B,지수·내수주,N,N
KR-20250507-02,2025-05-07,2573.8,0.55,N,미·중 제네바 고위급 회담(5/10) 개최 발표,정책(해외),5/7 새벽,예정,—,3,2,▲,2.4,B,지수,N,N
KR-20250508-01,2025-05-08,2579.48,0.22,N,"FOMC 4.25~4.50% 3회 연속 동결(5/8 03:00 KST), 파월 ""기다릴 여유""",통화정책,5/8 03:00,예정,예상 부합,3,1,◆,1.8,B,지수,N,N
KR-20250508-02,2025-05-08,2579.48,0.22,N,"옵션만기일, 3거래일 연속 상승",시장제도,장중,예정,—,1,1,◆,1.0,C,지수,N,N
KR-20250509-01,2025-05-09,2577.27,-0.09,N,美·英 무역합의(5/9 새벽) → 장초 상승 후 주말 미·중 협상 앞 관망. 현대차·기아 상승,정책(해외),5/9 새벽,예정,—,3,1,◆,1.8,B,자동차,N,N
KR-20250512-01,2025-05-12,2607.33,1.17,N,"미·중 제네바 협상(5/10~11) ""실질적 진전"" → 46일 만에 2,600 회복(+1.17%)",정책(해외),주말,예정,—,4,3,▲,3.4,B,지수·해운,N,N
KR-20250512-02,2025-05-12,2607.33,1.17,N,"장 마감 후 미·중 공동성명: 90일간 관세 115%p 인하(美 145→30%, 中 125→10%)",정책(해외),5/12 저녁,예정,예상(50~60%대) 이상 인하,5,2,▲,3.2,B,지수,N,N
KR-20250513-01,2025-05-13,2608.42,0.04,N,미·중 관세 휴전 반영에도 美 CPI(당일 21:30) 경계로 강보합. HMM +5.81% 등 해운 강세,정책(해외),전일 저녁,예정,—,3,1,▲,1.8,B,해운,N,N
KR-20250513-02,2025-05-13,2608.42,0.04,N,"원/달러 1,417.5원으로 급등(달러 강세 반영)",환율,장중,—,—,2,1,▼,1.4,C,지수,N,N
KR-20250514-01,2025-05-14,2640.57,1.23,N,美 4월 CPI 2.3%로 예상 하회(5/13 21:30) + 원화 강세 → 1%대 상승,거시지표,5/13 21:30,예정,예상 2.4% → 실제 2.3%,3,3,▲,3.0,B,지수,N,N
KR-20250515-01,2025-05-15,2621.36,-0.73,N,"기관 4,127억 차익실현 매도로 3일 만에 하락(SK하이닉스 -2.67%, 현대차 -2.03%)",수급,장중,—,—,2,1,▼,1.4,C,지수,N,N
KR-20250516-01,2025-05-16,2626.87,0.21,N,"미·중 무역 완화·금리 안정 속 외국인(1,748억)·기관(1,379억) 순매수, 강보합. 코스닥 -1.11%",수급,장중,—,—,1,1,▲,1.0,C,지수,N,N
KR-20250519-01,2025-05-19,2603.42,-0.89,N,"무디스, 美 신용등급 Aaa→Aa1 강등(5/17 KST 새벽, 美 장 마감 후) → 아시아 동반 약세, 장중 2,600 붕괴",거시지표,5/17 새벽,돌발,—,4,2,▼,2.8,B,지수,N,N
KR-20250520-01,2025-05-20,2601.8,-0.06,N,"외국인 1,390억 순매도로 2,600선 턱걸이",수급,장중,—,—,1,1,▼,1.0,C,지수,N,N
KR-20250521-01,2025-05-21,2625.58,0.91,N,"한·미 관세 협상 기대감에 외국인·기관 매수, 3거래일 만에 반등",정책,장중,—,—,2,2,▲,2.0,C,지수,N,N
KR-20250522-01,2025-05-22,2593.67,-1.22,Y,"美 20년물 국채 입찰 부진(낙찰금리 5.047%, 5/22 새벽) + 트럼프 감세법안 재정우려 → 美 국채금리 급등·증시 급락",거시지표,5/22 02:00,예정,입찰 수요 예상 하회,4,3,▼,3.4,B,지수·성장주,N,N
KR-20250522-02,2025-05-22,2593.67,-1.22,Y,"외국인 3,436억·기관 4,002억 순매도, 2,600선 붕괴",수급,장중,—,—,2,2,▼,2.0,C,지수,N,N
KR-20250523-01,2025-05-23,2592.09,-0.06,N,"美 금융시장 불확실성 속 기관 1.4조 순매도, 삼성바이오로직스 -5%대(인적분할 발표 여파)",수급,장중,—,—,2,1,▼,1.4,C,지수·바이오,N,N
KR-20250526-01,2025-05-26,2644.4,2.02,N,"트럼프, EU 50% 관세 부과일 6/1→7/9 유예(5/26 새벽) + 대선 앞 증시 부양 기대 → +2.02%",정책(해외),5/26 새벽,돌발,부과 예상 → 유예,4,3,▲,3.4,B,지수,N,N
KR-20250527-01,2025-05-27,2637.22,-0.27,N,"전일 급등 후 차익실현, 삼성전자 -1.46%",수급,장중,—,—,1,1,▼,1.0,C,지수,N,N
KR-20250528-01,2025-05-28,2670.15,1.25,N,"반도체 강세(삼성전자 +3.71%, SK하이닉스 +2.72%) + 외국인 3,004억·기관 7,432억 → 연고점, 장중 9개월 최고",반도체/AI,장중,—,—,3,3,▲,3.0,C,반도체,N,N
KR-20250529-01,2025-05-29,2720.64,1.89,N,"美 국제무역법원, 트럼프 상호관세 위법 판결(5/29 06:00 KST) + 엔비디아 호실적(5/29 05:20) → 9개월 만에 2,700 돌파",정책(해외),5/29 새벽,돌발,—,5,3,▲,3.8,B,지수·수출주,N,N
KR-20250529-02,2025-05-29,2720.64,1.89,N,"한은 기준금리 0.25%p 인하 → 2.50%(10:00경), 성장률 전망 1.5%→0.8% 하향",통화정책,10:00 장중,예정,예상 인하 부합,4,2,▲,2.8,A,금리민감주·지수,N,N
KR-20250530-01,2025-05-30,2697.67,-0.84,N,"美 항소법원, 상호관세 효력 일시 복원(5/30 새벽) → 차익실현 하락",정책(해외),5/30 새벽,돌발,—,3,2,▼,2.4,B,지수,N,N
KR-20250602-01,2025-06-02,2698.97,0.05,N,"제21대 대선(6/3) 전날 관망 — 장중 2,719 후 기관 매도로 보합",정치,6/3 예정,예정,—,3,1,◆,1.8,C,지수,N,N
KR-20250603-01,2025-06-03,,,N,[휴장: 대선일] 제21대 대통령선거 — 이재명 후보 당선(6/4 새벽 확정),정치,6/3~4,예정,여론조사 부합,5,4,▲,4.4,B,지수,N,Y
KR-20250604-01,2025-06-04,2770.84,2.66,Y,"이재명 대통령 취임 첫날 — ""코스피 5000""·상법 개정·자본시장 활성화 기대 → +2.66%",정치,6/4 오전,예정,—,5,4,▲,4.4,B,지수·증권·지주·금융,N,N
KR-20250605-01,2025-06-05,2812.05,1.49,N,"새정부 정책 기대 지속 — 11개월 만에 종가 2,800 안착, 외국인 9,241억 순매수",정책,장중,—,—,4,3,▲,3.4,C,지수,N,N
KR-20250605-02,2025-06-05,2812.05,1.49,N,출산·지역화폐·AI 정책 관련주 강세,테마,장중,—,—,2,1,▲,1.4,C,정책테마,N,N
KR-20250609-01,2025-06-09,2855.77,1.55,N,"상법 개정·코리아 디스카운트 해소 기대 → 외국인 9,799억 순매수, 지배구조·금융주 강세(현대모비스 +10.04%, 키움증권 +9.25%, 하나금융 +5.58%)",정책,장중,—,—,4,3,▲,3.4,C,지주·금융·증권,N,N
KR-20250610-01,2025-06-10,2871.85,0.56,N,"미·중 런던 무역협상(희토류 수출통제 논의) 기대 속 5거래일 연속 상승, 11개월 최고",정책(해외),6/9~10 런던,예정,—,3,1,▲,1.8,C,지수,N,N
KR-20250611-01,2025-06-11,2907.04,1.23,N,"이재명 대통령 한국거래소 방문(자본시장 활성화 의지) → 3년 5개월 만에 2,900 돌파, 6거래일 연속 상승",정책,장중,예정,—,4,3,▲,3.4,A,지수·증권,N,N
KR-20250611-02,2025-06-11,2907.04,1.23,N,미·중 런던 협상 합의(6/11 새벽) + 5월 수출 호조,정책(해외),6/11 새벽,예정,—,3,2,▲,2.4,B,지수,N,N
KR-20250612-01,2025-06-12,2920.03,0.45,N,선물·옵션 동시만기일에도 7거래일 연속 상승(3년 5개월 최고),시장제도,장중,예정,—,2,1,▲,1.4,C,지수,N,N
KR-20250613-01,2025-06-13,2894.62,-0.87,Y,"이스라엘, 이란 핵시설·군 수뇌부 공습(6/13 오전 KST) → 유가 급등, 8거래일 만에 하락",지정학,6/13 09:00경,돌발,—,5,3,▼,3.8,A,지수·정유·방산·항공,N,N
KR-20250616-01,2025-06-16,2946.66,1.80,N,"이스라엘-이란 교전 격화에도 장초 2,886 저점 후 반등(+1.80%), 2022.1 이후 최고 — 지정학 영향 제한 인식",지정학,주말,돌발,—,4,3,▲,3.4,C,지수,N,N
KR-20250617-01,2025-06-17,2950.3,0.12,N,"장중 2,998.62까지 3,000 근접 후 이스라엘 추가 공습 우려로 반납",지정학,장중,돌발,—,3,1,◆,1.8,C,지수,N,N
KR-20250618-01,2025-06-18,2972.19,0.74,N,"새정부 AI 정책(AI 100조 투자) 기대 → NAVER +17.92%, 카카오 +6.56%, 삼성전자 +2.93%",정책,장중,—,—,4,2,▲,2.8,C,AI·인터넷,N,N
KR-20250619-01,2025-06-19,2977.74,0.19,N,"FOMC 4.25~4.50% 동결, 연내 2회 인하 점도표 유지(6/19 03:00 KST)",통화정책,6/19 03:00,예정,예상 부합,3,1,◆,1.8,B,지수,N,N
KR-20250619-02,2025-06-19,2977.74,0.19,N,정부 30.5조 2차 추경안 의결(소비쿠폰) — 내수주 기대,정책,장중,예정,—,3,1,▲,1.8,C,내수·유통,N,N
KR-20250620-01,2025-06-20,3021.84,1.48,N,"코스피 3년 6개월 만에 종가 3,000 돌파(장중 10:52 3,000.19), 5거래일 연속 상승, 주간 +4.4%",수급,10:52 장중,—,—,5,3,▲,3.8,C,지수,N,N
KR-20250623-01,2025-06-23,3014.47,-0.24,N,"美, 이란 핵시설 3곳(포르도·나탄즈·이스파한) 공습(6/22 KST 오전) → 호르무즈 봉쇄 우려, 장초 급락 후 3,000 사수",지정학,6/22 주말,돌발,—,5,2,▼,3.2,B,지수·정유·해운,N,N
KR-20250623-02,2025-06-23,3014.47,-0.24,N,"월러 연준 이사 ""7월 인하 가능"" 비둘기 발언으로 낙폭 축소",통화정책,6/21 새벽,돌발,—,2,1,▲,1.4,B,지수,N,N
KR-20250624-01,2025-06-24,3103.64,2.96,Y,"트럼프, 이스라엘-이란 ""완전 휴전"" 발표(6/24 07:00 KST) → 갭상승, 3년 9개월 만에 3,100 돌파(+2.96%), 코스닥 800 회복",지정학,6/24 07:00,돌발,확전 우려 → 휴전,5,4,▲,4.4,B,지수 전반,N,N
KR-20250625-01,2025-06-25,3108.25,0.15,N,중동 긴장 완화·정책 기대 속 개인 순매수로 강보합,수급,장중,—,—,1,1,▲,1.0,C,지수,N,N
KR-20250626-01,2025-06-26,3079.56,-0.92,N,"외국인·기관 차익실현 → 하락, 카카오 -9.08%·NAVER -7.94%(AI 정책주 급등 후 되돌림)",수급,장중,—,—,2,2,▼,2.0,C,인터넷,N,N
KR-20250627-01,2025-06-27,3055.9,-0.77,N,"금융위 ""6·27 가계부채 대책"": 수도권 주택담보대출 6억원 한도(6/28 시행) — 부동산 → 증시 자금이동 기대",정책,장중,돌발,—,5,1,◆,2.6,C,건설·은행·증권,N,N
KR-20250630-01,2025-06-30,3071.7,0.52,N,"상반기 마감: 코스피 +28.01%(6월 +13.86%, 2020.11 이후 최대 월간 상승). 기관·개인 순매수, 원전·2차전지·반도체 강세",수급,장중,—,—,3,1,▲,1.8,C,원전·2차전지·반도체,N,N
KR-20250701-01,2025-07-01,3089.65,0.58,N,6월 수출 호조(반도체 역대 최대) + 하반기 첫 거래일 연고점,거시지표,7/1 09:00,예정,—,2,1,▲,1.4,B,반도체·수출주,N,N
KR-20250702-01,2025-07-02,3075.06,-0.47,N,"상호관세 유예 만료(7/9) 임박 + 트럼프-머스크 갈등 → 외국인 3,347억 순매도, 조선·방산 급락(HD한국조선해양 -5.75%)",정책(해외),장중,예정,—,3,2,▼,2.4,C,조선·방산,N,N
KR-20250703-01,2025-07-03,3116.27,1.34,Y,"상법 개정안 국회 통과(장 막판, 찬성 220) — 이사 충실의무 주주 확대·감사위원 선임 3%룰·전자주총 → 연고점(+1.34%), POSCO홀딩스 +8%대",정책,15:00경 장중,예정,—,5,3,▲,3.8,A,지주·지배구조,N,N
KR-20250703-02,2025-07-03,3116.27,1.34,Y,美·베트남 무역합의(7/3 새벽) → 관세 협상 기대,정책(해외),7/3 새벽,돌발,—,2,1,▲,1.4,B,지수,N,N
KR-20250704-01,2025-07-04,3054.64,-1.98,N,"상법 통과 재료 소멸·집중투표제 조정 실망 + 조선·방산·원전 차익실현 → -1.98%, 기관 4,441억 매도",수급,장중,—,—,3,3,▼,3.0,C,조선·방산·원전,N,N
KR-20250704-02,2025-07-04,3054.64,-1.98,N,美 관세 서한 발송(7/7~) 임박 경계,정책(해외),—,예정,—,2,1,▼,1.4,C,지수,N,N
KR-20250707-01,2025-07-07,3059.47,0.16,N,30.5조 2차 추경 국회 통과(7/4 밤) → 소비쿠폰·지역화폐 관련주 강세,정책,7/4 밤,예정,—,3,1,▲,1.8,B,내수·지역화폐,N,N
KR-20250707-02,2025-07-07,3059.47,0.16,N,트럼프 관세 서한 발송(7/8 01:00 KST) 앞 경계로 강보합,정책(해외),7/8 01:00 예정,예정,—,2,1,◆,1.4,C,지수,N,N
KR-20250708-01,2025-07-08,3114.95,1.81,N,"트럼프, 한국에 8/1부터 25% 관세 서한(7/8 01:00 KST) — 예상 범위·협상 여지로 불확실성 해소 → +1.81%",정책(해외),7/8 01:00,예정,예상 수준 부합,5,3,▲,3.8,B,지수·자동차,N,N
KR-20250708-02,2025-07-08,3114.95,1.81,N,자사주 소각 의무화(3차 상법 개정) 기대,정책,장중,—,—,3,2,▲,2.4,C,지주·금융,N,N
KR-20250709-01,2025-07-09,3133.74,0.60,N,"자사주 의무 소각 기대 지속, 3년 10개월 만에 최고치",정책,장중,—,—,3,1,▲,1.8,C,지주·금융,N,N
KR-20250710-01,2025-07-10,3183.23,1.58,N,"엔비디아 시총 4조달러 첫 돌파(7/10 새벽) → 반도체 강세, 3,180선 연고점",반도체/AI,7/10 새벽,돌발,—,3,2,▲,2.4,B,반도체,N,N
KR-20250710-02,2025-07-10,3183.23,1.58,N,한은 기준금리 2.50% 동결(10:00경) — 부동산·가계부채 우려,통화정책,10:00 장중,예정,예상 부합,4,1,◆,2.2,A,금리민감주,N,N
KR-20250711-01,2025-07-11,3175.77,-0.23,N,"장중 3,200 돌파 후 차익실현으로 반납",수급,장중,—,—,2,1,◆,1.4,C,지수,N,N
KR-20250714-01,2025-07-14,3202.03,0.83,N,"3년 10개월 만에 종가 3,200 돌파, 보험 +6.47%(밸류업·자사주), 외국인 순매수",수급,장중,—,—,3,2,▲,2.4,C,보험·금융,N,N
KR-20250715-01,2025-07-15,3215.28,0.41,N,美 6월 CPI(당일 21:30) 대기 속 강보합,거시지표,당일 21:30,예정,—,1,1,▲,1.0,C,지수,N,N
KR-20250716-01,2025-07-16,3186.38,-0.90,N,"美 6월 CPI 반등(2.7%, 관세 전가 조짐) → 인플레 우려",거시지표,7/15 21:30,예정,예상 부합(근원 소폭 하회),3,2,▼,2.4,B,지수,N,N
KR-20250716-02,2025-07-16,3186.38,-0.90,N,中 CXMT 증설 보도·메모리 업황 우려 → 반도체 약세,반도체/AI,장중,돌발,—,2,2,▼,2.0,C,반도체,N,N
KR-20250717-01,2025-07-17,,,N,"대법원, 이재용 삼성전자 회장 부당합병·회계부정 무죄 확정(11:15경) → 삼성전자 10개월 만에 6.6만원대, 삼성물산·삼성생명 등 삼성그룹주 강세",기업이벤트,11:15 장중,예정,무죄 예상 부합,5,2,▲,3.2,A,삼성그룹주,N,N
KR-20250718-01,2025-07-18,3188.07,,N,개인 차익실현으로 약보합(외국인 7일 연속 순매수),수급,장중,—,—,1,1,▼,1.0,C,지수,N,N
KR-20250721-01,2025-07-21,3210.81,0.71,N,"외국인 8,934억 순매수로 3,200 재돌파, 기계·금속 +3%",수급,장중,—,—,2,2,▲,2.0,C,기계·금속,N,N
KR-20250722-01,2025-07-22,3169.94,-1.27,N,"세법개정안 ""법인세·증권거래세 원상복구"" 보도 → 투심 위축 + 연고점 차익실현, -1.27%",정책,장중(보도),돌발,—,3,3,▼,3.0,C,지수·증권,N,N
KR-20250723-01,2025-07-23,3183.77,0.44,N,"美·日 무역합의(日 15%, 7/23 오전 KST) → 한·미 협상 기대, 현대차 +7.51%, 기아 +8.49%",정책(해외),7/23 07:00,돌발,日 25% 예상 → 15%,4,2,▲,2.8,B,자동차·부품,N,N
KR-20250724-01,2025-07-24,3190.3,0.21,N,"SK하이닉스 2Q 영업이익 9.21조(사상 최대, 장전 발표)",기업실적,08:00 장전,예정,컨센 부합,3,2,▲,2.4,B,SK하이닉스,N,N
KR-20250724-02,2025-07-24,3190.3,0.21,N,"장중 연고점 3,237.97 후 반납",수급,장중,—,—,1,1,◆,1.0,C,지수,N,N
KR-20250725-01,2025-07-25,3196.05,0.18,N,"한·미 ""2+2"" 장관급 통상협의(7/25 예정) 美 측 일정으로 돌연 취소 → 상승폭 반납",정책,7/24 밤,돌발,—,4,2,▼,2.8,C,지수·자동차,N,N
KR-20250728-01,2025-07-28,3209.52,0.42,N,"삼성전자, 테슬라와 22.8조원 파운드리 공급계약(장중 공시, 머스크 ""AI6 칩"" 확인) → 삼성전자 +6.83%, 11개월 만에 7만원",기업이벤트,장중 공시,돌발,—,5,3,▲,3.8,A,삼성전자·파운드리,N,N
KR-20250729-01,2025-07-29,3230.57,0.66,N,"외국인·기관 순매수로 5거래일 연속 상승, 약 4년 만의 최고치",수급,장중,—,—,2,2,▲,2.0,C,지수,N,N
KR-20250729-02,2025-07-29,3230.57,0.66,N,"한·미 조선협력 ""MASGA"" 제안 기대 → 조선주 관심(한화오션 VLCC 수주)",정책,장중,—,—,3,1,▲,1.8,C,조선,N,N
KR-20250731-01,2025-07-31,3245.4,,N,"세제개편안 발표(오후): 대주주 양도세 기준 50억→10억, 증권거래세 0.15→0.20%, 법인세 1%p 인상, 배당소득 분리과세 최고 35% — 8/1 반영",정책,14:00경 장중~장후,예정,시장 기대(완화) 대비 강화,5,5,▼,5.0,B,지수·증권,N,N
KR-20250731-02,2025-07-31,3245.4,,N,"한·미 관세협상 타결(7/31 새벽 KST): 상호관세 15%, 대미투자 3,500억달러·에너지 1,000억달러 구매 → 불확실성 해소나 ""셀 더 뉴스""",정책,7/31 새벽,예정,25% 부과 우려 → 15%,5,2,◆,3.2,B,지수·자동차·조선,N,N
KR-20250731-03,2025-07-31,3245.4,,N,"삼성전자 2Q 확정실적(영업이익 4.7조, 반도체 재고손실)",기업실적,08:00 장전,예정,잠정치 부합,3,1,▼,1.8,B,삼성전자,N,N
KR-20250801-01,2025-08-01,3119.41,-3.88,Y,"세제개편안 실망(대주주 기준 10억 하향·증권거래세 인상) → 코스피 -3.88%, 4월 이후 최대 낙폭. 삼성전자·SK하이닉스 주도 하락",정책,7/31 오후 발표,예정,완화 기대 → 강화,5,5,▼,5.0,B,지수·증권·반도체,N,N
KR-20250801-02,2025-08-01,3119.41,-3.88,Y,"美 관세 행정명령(국가별 상호관세율 확정, 8/7 발효) 서명(8/1 새벽)",정책(해외),8/1 새벽,예정,—,3,2,▼,2.4,B,지수,N,N
KR-20250804-01,2025-08-04,3147.75,0.91,N,"여당 내 대주주 기준 재검토 논의 + 저가매수 → 3거래일 만에 반등, 기관 1.3조·외국인 8,300억 순매수",정책,주말,돌발,—,4,2,▲,2.8,C,지수,N,N
KR-20250804-02,2025-08-04,3147.75,0.91,N,"美 7월 비농업 +7.3만·전월치 대폭 하향(8/1 21:30) → 9월 인하 기대, 원/달러 1,385.2원(-16.2원)",거시지표,8/1 21:30,예정,예상 +10만 → +7.3만,4,2,▲,2.8,B,지수,N,N
KR-20250805-01,2025-08-05,3198.0,1.60,N,"美 금리인하 기대로 美 증시 반등 → 외국인·기관 이틀 연속 순매수, +1.60%",통화정책,8/5 새벽,—,—,3,2,▲,2.4,B,지수,N,N
KR-20250806-01,2025-08-06,3198.14,0.00,N,트럼프 반도체 관세 예고 경계 속 보합,정책(해외),장중,—,—,2,1,◆,1.4,C,반도체,N,N
KR-20250807-01,2025-08-07,3227.68,0.92,N,"트럼프, 반도체 100% 관세 예고하되 ""美 내 생산 기업은 면제""(8/7 05:00 KST, 애플 1,000억달러 투자 발표) → 삼성·SK 면제 기대로 오히려 호재",정책(해외),8/7 05:00,돌발,관세 우려 → 면제 기대,5,2,▲,3.2,B,반도체,N,N
KR-20250807-02,2025-08-07,3227.68,0.92,N,애플-삼성전자 美 텍사스 공장 협력 발표 → 반도체·화장품·IT서비스 강세,기업이벤트,8/7 새벽,돌발,—,3,2,▲,2.4,B,삼성전자,N,N
KR-20250807-03,2025-08-07,3227.68,0.92,N,"美 국가별 상호관세 발효(8/7 13:01 KST), 한국 15%",정책(해외),13:01 장중,예정,예고된 조치,3,1,◆,1.8,A,수출주,N,N
KR-20250808-01,2025-08-08,3210.01,-0.55,N,"美·러 정상회담(8/15) 예정 → 우크라 종전 기대로 방산 급락(LIG넥스원 -14.93%, 한화시스템 -6.88%, 한화에어로 -5.47%)",지정학,8/8 새벽,돌발,—,4,2,▼,2.8,B,방산,N,N
KR-20250808-02,2025-08-08,3210.01,-0.55,N,"외국인 1,596억·기관 1,318억 차익실현으로 5일 만에 하락",수급,장중,—,—,2,1,▼,1.4,C,지수,N,N
KR-20250811-01,2025-08-11,3206.77,-0.10,N,美 CPI(8/12) 대기 속 기관·개인 매도로 약보합,수급,장중,—,—,1,1,◆,1.0,C,지수,N,N
KR-20250812-01,2025-08-12,3189.91,-0.53,N,"대통령실 ""대주주 기준 50억 유지"" 요구 반박 → 양도세 불확실성 재부각, 3,200 하회",정책,장중,돌발,—,4,2,▼,2.8,A,지수·증권,N,N
KR-20250812-02,2025-08-12,3189.91,-0.53,N,"美·中 관세 휴전 90일 연장(8/12 새벽) → 장중 3,231 후 반납",정책(해외),8/12 새벽,예정,—,3,1,▲,1.8,B,지수,N,N
KR-20250813-01,2025-08-13,3224.37,1.08,N,"美 7월 CPI 2.7% 예상 부합(8/12 21:30) → 9월 인하 기대 강화, 외국인 현·선물 동반 매수로 4거래일 만에 반등",거시지표,8/12 21:30,예정,예상 부합,3,2,▲,2.4,B,지수,N,N
KR-20250814-01,2025-08-14,3225.66,0.04,N,"광복절 연휴 앞 보합, 美 PPI(당일 21:30) 대기",수급,장중,—,—,1,1,◆,1.0,C,지수,N,N
KR-20250818-01,2025-08-18,3177.28,-1.50,N,"美 7월 PPI 급등(8/14 21:30, 전월비 +0.9%) → 9월 빅컷 기대 후퇴 + 반도체 관세 부담 → 외국인 5,416억 매도, -1.50%",거시지표,8/14 21:30,예정,예상 +0.2% → +0.9%,3,3,▼,3.0,B,지수·반도체,N,N
KR-20250818-02,2025-08-18,3177.28,-1.50,N,트럼프-젤렌스키·유럽 정상 회담(8/19 KST 새벽) 앞 경계,지정학,8/18 美,예정,—,2,1,◆,1.4,C,방산,N,N
KR-20250819-01,2025-08-19,3151.56,-0.81,N,한수원·한전-웨스팅하우스 원전 지재권 합의(기술료·물량 조건) 불공정 논란 보도 → 원전주 급락,기업이벤트,장중(보도),돌발,—,4,2,▼,2.8,C,원전,N,N
KR-20250819-02,2025-08-19,3151.56,-0.81,N,"잭슨홀(8/22) 앞 경계 + 세제개편 불확실성 → 외국인 4,560억 매도",통화정책,장중,예정,—,2,2,▼,2.0,C,지수,N,N
KR-20250820-01,2025-08-20,3130.09,-0.68,N,"AI 버블 우려(MIT ""기업 AI 파일럿 95% 성과 없음"" 보고서, 올트먼 ""AI 거품"" 발언) → 美 나스닥 -1.5%(8/19) → 3거래일 연속 하락",반도체/AI,8/20 새벽,돌발,—,3,2,▼,2.4,B,반도체·AI,N,N
KR-20250820-02,2025-08-20,3130.09,-0.68,N,"증시 부양책(배당소득 분리과세·대주주 기준) 불확실성, 기관 매수로 3,100선 방어",정책,장중,—,—,2,1,▼,1.4,C,지수,N,N
KR-20250825-01,2025-08-25,3209.86,,N,"파월 잭슨홀 연설 ""정책 조정 필요할 수 있다""(8/22 23:00 KST) → 9월 인하 기대, 美 증시 급등 → 3거래일 연속 상승, 장중 고점 마감",통화정책,8/22 23:00,예정,매파 우려 → 비둘기,4,3,▲,3.4,B,지수,N,N
KR-20250825-02,2025-08-25,3209.86,,N,"美 정부, 웨스팅하우스 지분투자 한국에 제안 보도 → 원전·건설 급등(두산에너빌리티 +10.55%, 현대건설 +14.87%, 대우건설 +11.80%)",정책(해외),장중(보도),돌발,—,3,2,▲,2.4,A,원전·건설,N,N
KR-20250825-03,2025-08-25,3209.86,,N,"한·미 정상회담(8/25 美, 8/26 KST 새벽) 앞 기대감, 기관 7거래일 연속 순매수",정책,8/26 새벽 예정,예정,—,3,1,▲,1.8,C,조선·원전,N,N
KR-20250826-01,2025-08-26,3179.36,-0.95,N,"이재명-트럼프 첫 한·미 정상회담 결과(경제·안보 협력 강화)에도 ""재료 소멸"" 차익매물 → 3,200 붕괴, 기대 업종 원전·조선 오히려 급락",정책,8/26 새벽,예정,호재 기대 → 셀더뉴스,5,2,▼,3.2,B,원전·조선,N,N
KR-20250826-02,2025-08-26,3179.36,-0.95,N,"외국인 6,821억·기관 2,639억 순매도(개인 8,470억 순매수)",수급,장중,—,—,2,2,▼,2.0,C,지수,N,N
KR-20250827-01,2025-08-27,3187.16,0.25,N,엔비디아 2Q 실적(8/28 05:20 KST) 앞 관망 속 소폭 반등,반도체/AI,장중,예정,—,1,1,▲,1.0,C,반도체,N,N
KR-20250828-01,2025-08-28,3196.32,0.29,N,"한은 기준금리 2.50% 동결(2회 연속, 10:00경) — 수도권 집값·가계부채 우려",통화정책,10:00 장중,예정,예상 부합,4,1,◆,2.2,A,금리민감주,N,N
KR-20250828-02,2025-08-28,3196.32,0.29,N,"엔비디아 실적 소화 — 장초 3,175 하락 출발 후 기관 3,262억 매수로 장중 3,211까지 반등",반도체/AI,8/28 05:20,예정,컨센 상회·데이터센터 소폭 미달,3,1,◆,1.8,B,반도체,N,N
KR-20250829-01,2025-08-29,3186.01,-0.32,N,"상승 모멘텀 부재, 외국인 3,660억 순매도로 3,200 하회",수급,장중,—,—,1,1,▼,1.0,C,지수,N,N
KR-20250901-01,2025-09-01,3142.93,-1.35,N,"美, 삼성전자·SK하이닉스 중국 공장 VEU(검증된 최종사용자) 지위 철회(8/29 발표) + 알리바바 자체 AI칩 개발 소식에 美 기술주 급락 → 반도체 불확실성, -1.35%",반도체/AI,8/30 주말,돌발,—,4,3,▼,3.4,B,반도체,N,N
KR-20250901-02,2025-09-01,3142.93,-1.35,N,"美 7월 PCE 소화, 외국인·기관 동반 매도",거시지표,8/29 21:30,예정,예상 부합,2,1,▼,1.4,B,지수,N,N
KR-20250905-01,2025-09-05,3205.12,,N,"美 이민세관단속국(ICE), 조지아주 현대차-LG에너지솔루션 배터리 합작공장 단속(9/4 美) — 475명 체포(한국인 약 300명) → 대미 투자 리스크 부각",지정학,9/5 새벽,돌발,—,5,1,▼,2.6,C,2차전지·자동차,N,N
KR-20250905-02,2025-09-05,3205.12,,N,9/2부터 이어진 연속 상승(9/9까지 6거래일) 구간 — 외국인 반도체 매수,수급,장중,—,—,2,2,▲,2.0,C,반도체,N,N
KR-20250908-01,2025-09-08,3219.59,0.45,N,"美 8월 비농업 +2.2만 쇼크(9/5 21:30) → 연준 인하 기대 + 브로드컴 호실적(9/5) → 외국인 2,304억 순매수",거시지표,9/5 21:30,예정,예상 +7.5만 → +2.2만,4,2,▲,2.8,B,지수·반도체,N,N
KR-20250909-01,2025-09-09,3260.05,1.26,N,"외국인 반도체 집중 매수(6,920억)로 종가 기준 연고점 경신(+1.26%)",수급,장중,—,—,3,3,▲,3.0,C,반도체,N,N
KR-20250910-01,2025-09-10,3314.53,1.67,N,"코스피 종가 사상 최고치(2021.7.6 3,305.21 경신, 4년 2개월 만) — 당정 ""양도세 대주주 기준 현행 50억 유지"" 예고 + 美 3대 지수 사상 최고",정책,장중(보도),돌발,10억 하향 → 50억 유지,5,3,▲,3.8,C,지수·증권,N,N
KR-20250911-01,2025-09-11,3344.2,0.90,N,사상 최고치 경신 지속 — 이재명 대통령 취임 100일 회견(대주주 기준 유지·자본시장 정책)·국민성장펀드 본격화,정책,10:00 장중,예정,—,4,2,▲,2.8,A,지수,N,N
KR-20250912-01,2025-09-12,3395.54,1.54,N,"외국인 1.42조 순매수로 9거래일 연속 상승, 4거래일 연속 사상 최고",수급,장중,—,—,3,3,▲,3.0,C,지수,N,N
KR-20250915-01,2025-09-15,3407.31,0.35,N,"정부, 대주주 양도세 기준 50억원 유지 공식화 → 사상 첫 3,400 돌파, 10거래일 연속 상승",정책,주말~장전,예정,8/1 급락 원인 해소,5,2,▲,3.2,B,지수·증권,N,N
KR-20250916-01,2025-09-16,3449.62,1.24,N,"11거래일 연속 상승, 사상 최고(장중 3,452.50)",수급,장중,—,—,2,2,▲,2.0,C,지수,N,N
KR-20250917-01,2025-09-17,3413.4,-1.05,N,"FOMC 결과(9/18 03:00) 대기 속 차익실현 → 12거래일 만에 하락(-1.05%), SK하이닉스 -4.17%, 기관 3,054억 매도",수급,장중,—,—,3,3,▼,3.0,C,반도체,N,N
KR-20250918-01,2025-09-18,3461.3,1.40,N,"FOMC 기준금리 0.25%p 인하 → 4.00~4.25%(9/18 03:00 KST, 9개월 만의 인하) → 사상 최고 종가",통화정책,9/18 03:00,예정,예상 부합,5,3,▲,3.8,B,지수·성장주,N,N
KR-20250919-01,2025-09-19,3445.24,-0.46,N,사상 최고 후 차익실현 약보합,수급,장중,—,—,1,1,▼,1.0,C,지수,N,N
KR-20250922-01,2025-09-22,3468.65,0.68,N,"삼성전자 52주 신고가(""왕의 귀환"") 주도로 사상 최고(장중 3,482.25)",반도체/AI,장중,—,—,3,2,▲,2.4,C,삼성전자,N,N
KR-20250923-01,2025-09-23,3486.19,0.51,N,"엔비디아, 오픈AI에 최대 1,000억달러 투자 발표(9/22 美) → 엔비디아·애플 등 美 기술주 강세 → 사상 최고",반도체/AI,9/23 새벽,돌발,—,4,2,▲,2.8,B,반도체·AI,N,N
KR-20250924-01,2025-09-24,3472.14,-0.40,N,"파월 ""주가 상당히 고평가""(9/24 01:00 KST) → 美 3대 지수 하락 + 피로감, 외국인 3,353억 매도",통화정책,9/24 01:00,돌발,—,3,1,▼,1.8,B,지수,N,N
KR-20250925-01,2025-09-25,3471.11,-0.03,N,관세 후속협상 경계 속 보합,정책,장중,—,—,1,1,◆,1.0,C,지수,N,N
KR-20250926-01,2025-09-26,3386.05,-2.45,Y,"한·미 관세 후속협상 난기류: 트럼프 ""3,500억달러는 선불(up front)"" 발언(9/26 새벽 KST) → 현금 선투자 부담 우려, -2.45%(-85.06p)",정책,9/26 새벽,돌발,분할·보증 방식 기대 → 현금 선불 요구,5,4,▼,4.4,B,지수·자동차,N,N
KR-20250926-02,2025-09-26,3386.05,-2.45,Y,[장후 20:20] 대전 국가정보자원관리원 화재 → 정부 전산망 대규모 마비(주말),정치,20:20 장후,돌발,—,5,1,◆,2.6,C,보안·IT서비스,N,N
KR-20250930-01,2025-09-30,3424.6,,N,"3분기 마감: 코스피 +11.49%(7월 +5.66%, 8월 -1.83%, 9월 +7.49%)",수급,장중,—,—,2,1,▲,1.4,C,지수,N,N
KR-20251001-01,2025-10-01,3455.83,0.91,N,"[장후] 오픈AI 샘 올트먼 방한 — 삼성전자·SK하이닉스와 ""스타게이트"" 메모리 공급 LOI(월 최대 90만 장 웨이퍼)",반도체/AI,10/1 저녁,돌발,—,5,4,▲,4.4,B,반도체,N,N
KR-20251001-02,2025-10-01,3455.83,0.91,N,"美 연방정부 셧다운(10/1) → 연준 인하 재료로 해석, 외국인 8,459억 순매수(+0.91%)",정책(해외),10/1 13:00,예정,—,3,2,▲,2.4,B,지수,N,N
KR-20251002-01,2025-10-02,3549.21,2.70,Y,"오픈AI 스타게이트 협력 반영 → 삼성전자 +3.49%, SK하이닉스 +9.86%, 코스피 사상 첫 3,500 돌파(+2.70%)",반도체/AI,10/1 저녁,돌발,—,5,4,▲,4.4,B,반도체,N,N
KR-20251003-01,2025-10-03,,,N,[휴장: 개천절~추석·한글날 연휴 10/3~10/9],시장제도,—,예정,—,1,1,◆,1.0,B,—,N,Y
KR-20251010-01,2025-10-10,3610.6,1.73,N,"[장후] 트럼프, 11/1부터 중국산 100% 추가 관세 발표(10/11 새벽 KST, 中 희토류 수출통제 보복)",정책(해외),10/11 새벽,돌발,—,5,3,▼,3.8,B,지수,N,N
KR-20251010-02,2025-10-10,3610.6,1.73,N,"연휴 중 글로벌 증시 상승분 반영 → 삼성전자·SK하이닉스 최고가, 사상 첫 3,600(+1.73%). 원/달러 1,421원",해외증시,연휴 중,—,—,4,3,▲,3.4,B,반도체,N,N
KR-20251013-01,2025-10-13,3584.55,-0.72,N,"미·중 무역갈등 재점화(100% 관세 위협) → 장초 -1.68%(3,522) 후 개인 1.17조 매수로 방어, -0.72%. 외국인 8,211억 매도",정책(해외),10/11 새벽,돌발,—,5,2,▼,3.2,B,지수,N,N
KR-20251014-01,2025-10-14,3561.81,-0.63,N,"삼성전자 3Q 잠정실적(장전) 매출 86조·영업이익 12.1조 어닝서프라이즈에도 미·중 갈등(中, 한화오션 美 자회사 제재)에 묻혀 하락",기업실적,08:00 장전,예정,컨센(약 10조) 상회,4,2,◆,2.8,B,삼성전자·조선,N,N
KR-20251014-02,2025-10-14,3561.81,-0.63,N,"외환당국 구두개입(원/달러 1,420원대)",환율,장중,돌발,—,3,1,◆,1.8,A,지수,N,N
KR-20251015-01,2025-10-15,3657.28,2.68,N,"기관 7,516억·외국인 1,629억 순매수로 사상 최고(+2.68%)",수급,장중,—,—,3,3,▲,3.0,C,지수,N,N
KR-20251015-02,2025-10-15,3657.28,2.68,N,10·15 부동산 대책(서울 전역 토지거래허가·대출 규제) 발표 → 부동산→증시 자금이동 기대,정책,10:00경,돌발,—,5,1,▲,2.6,C,증권·건설,N,N
KR-20251016-01,2025-10-16,3748.37,2.49,N,"美 반도체 랠리(TSMC 호실적) + 한·미 관세협상 타결 기대(자동차·2차전지) → 사상 첫 3,700(+2.49%), 외국인 6,586억·기관 7,417억",반도체/AI,10/16 새벽,예정,—,4,3,▲,3.4,B,반도체·자동차·2차전지,N,N
KR-20251017-01,2025-10-17,3748.89,0.01,N,"장중 3,794.87 후 차익실현, 보합",수급,장중,—,—,1,1,◆,1.0,C,지수,N,N
KR-20251020-01,2025-10-20,3814.69,1.76,N,"미·중 협상·한·미 관세 APEC 타결 기대 + 부동산 세제 발언에 ""머니무브"" 기대 → 사상 첫 3,800(+1.76%), 기관 매수",정책,장중,—,—,4,3,▲,3.4,C,지수,N,N
KR-20251021-01,2025-10-21,3823.84,0.24,N,"장중 3,893.06 사상 최고 후 상승폭 축소",수급,장중,—,—,1,1,▲,1.0,C,지수,N,N
KR-20251022-01,2025-10-22,3883.68,1.56,N,6거래일 연속 사상 최고(+1.56%). 금값 하룻밤 5% 급락(10/21 美),수급,장중,—,—,2,3,▲,2.6,C,지수,N,N
KR-20251023-01,2025-10-23,3845.56,-0.98,N,"장중 사상 첫 3,900(3,902.21) 터치 후 환율 급등·차익실현으로 -0.98%. 넷플릭스·테슬라 실적 부진",환율,장중,—,—,3,2,▼,2.4,C,지수,N,N
KR-20251023-02,2025-10-23,3845.56,-0.98,N,한은 기준금리 2.50% 동결(3회 연속),통화정책,10:00 장중,예정,예상 부합,4,1,◆,2.2,A,금리민감주,N,N
KR-20251024-01,2025-10-24,3941.59,2.50,N,"반도체 중심 순환매 랠리 → 사상 첫 3,900 종가(+2.50%)",반도체/AI,장중,—,—,3,3,▲,3.0,C,반도체,N,N
KR-20251027-01,2025-10-27,4042.83,2.57,Y,"미·중 쿠알라룸푸르 무역협상 프레임워크 합의(10/26) → 코스피 사상 첫 4,000 돌파(+2.57%), 삼성전자 첫 10만원, 코스닥 900 회복",정책(해외),10/26 주말,예정,—,5,4,▲,4.4,B,지수·반도체,N,N
KR-20251028-01,2025-10-28,4010.41,-0.80,N,"4,000 돌파 후 차익실현(-0.80%)",수급,장중,—,—,2,1,▼,1.4,C,지수,N,N
KR-20251029-01,2025-10-29,4081.15,1.76,N,"경주 APEC 한·미 정상회담 기대 → 신고가 속출(+1.76%). [저녁] 관세협상 최종 타결: 대미투자 3,500억달러 중 현금 2,000억(연 200억달러 상한), 자동차 관세 15%",정책,장중~저녁,예정,연 한도 설정으로 부담 완화,5,3,▲,3.8,B,자동차·조선·지수,N,N
KR-20251029-02,2025-10-29,4081.15,1.76,N,"SK하이닉스 3Q 매출 24.4조·영업이익 11.3조(사상 첫 10조 돌파, 장전)",기업실적,08:00 장전,예정,컨센 상회,4,2,▲,2.8,B,SK하이닉스,N,N
KR-20251030-01,2025-10-30,4086.89,0.14,N,"관세 타결 반영 장중 4,146.72 사상 최고 후 차익실현, 보합(+0.14%)",정책,10/29 저녁,예정,—,4,1,▲,2.2,B,자동차,N,N
KR-20251030-02,2025-10-30,4086.89,0.14,N,"FOMC 0.25%p 인하 → 3.75~4.00%(10/30 03:00), 파월 ""12월 인하 기정사실 아냐"" / 부산 미·중 정상회담",통화정책,10/30 03:00,예정,인하 부합·매파 발언,4,1,◆,2.2,B,지수,N,N
KR-20251031-01,2025-10-31,4107.5,0.50,N,"엔비디아, 한국 정부·삼성·SK·현대차·네이버에 블랙웰 GPU 26만 장(약 14조원) 공급 발표 + 젠슨 황-이재용-정의선 ""깐부 회동""(10/30 저녁) → 현대차 +9%, 사상 첫 4,100 종가",반도체/AI,10/30 저녁~10/31,돌발,—,5,2,▲,3.2,B,AI·반도체·자동차·로봇,N,N
KR-20251103-01,2025-11-03,4221.87,2.78,N,"사상 최고 종가(+2.78%), SK하이닉스 62만원(""60만닉스"")",반도체/AI,장중,—,—,4,3,▲,3.4,C,반도체,N,N
KR-20251104-01,2025-11-04,4121.74,-2.37,N,"AI 고평가 경고(월가 CEO 조정 경고) → 장중 4,226.75 최고 후 급락, 삼성전자·SK하이닉스 5%대 하락(-2.37%). 외국인 2.2조 순매도",반도체/AI,11/4 새벽,돌발,—,4,4,▼,4.0,B,반도체,N,N
KR-20251105-01,2025-11-05,4004.42,-2.85,Y,"美 AI주 급락(팔란티어 등) → 09:46 매도 사이드카(4/7 이후 두 번째), 장중 3,867.81(-5.5%)까지 급락 후 개인 매수로 4,000선 턱걸이(-2.85%)",반도체/AI,11/5 새벽,돌발,—,5,4,▼,4.4,B,지수·반도체,N,N
KR-20251106-01,2025-11-06,4026.45,0.55,N,"개인·기관 매수로 반등(+0.55%), 외국인 1.5조 순매도 지속",수급,장중,—,—,2,1,▲,1.4,C,지수,N,N
KR-20251107-01,2025-11-07,3953.76,-1.81,N,"외국인 5거래일 연속 매도 → 10거래일 만에 4,000 하회(-1.81%), 코스닥 -2.38%",수급,장중,—,—,3,3,▼,3.0,C,지수,N,N
KR-20251110-01,2025-11-10,4073.24,3.02,N,"美 셧다운 종료 임박 + 정부 배당소득 분리과세 최고세율 완화 추진 → +3.02%(4/10 이후 최대 상승), 기관 1.31조, 금융주 강세(KB금융 +4.28%)",정책,11/10 새벽~장중,돌발,—,4,4,▲,4.0,B,지수·금융·배당주,N,N
KR-20251111-01,2025-11-11,4106.39,0.81,N,반등 지속,수급,장중,—,—,1,1,▲,1.0,C,지수,N,N
KR-20251112-01,2025-11-12,4150.32,1.07,N,"기관 9,191억 순매수로 +1.07%, 코스닥 +2.52%(900 탈환)",수급,장중,—,—,2,2,▲,2.0,C,지수·코스닥,N,N
KR-20251113-01,2025-11-13,4170.63,0.49,N,"美 셧다운 해제(임시예산안 하원 통과, 11/13 새벽) 기대 + 옵션만기, 4거래일 연속 상승. 셀트리온 +6.67%·LG화학 +6.61%·두산에너빌리티 +5.99%",정책(해외),11/13 새벽,예정,—,3,1,▲,1.8,B,지수,N,N
KR-20251114-01,2025-11-14,4011.57,-3.81,Y,"연준 12월 인하 기대 후퇴 + 셧다운 해제 후 美 기술주 급락(11/13 美) → -3.81%, 외국인 2.36조 순매도(4년 만 최대), SK하이닉스 -8.50%",통화정책,11/14 새벽,돌발,인하 기대 → 후퇴,4,4,▼,4.0,B,반도체·지수,N,N
KR-20251117-01,2025-11-17,4089.25,1.94,N,"이재명 대통령-재계 회동(11/16)에서 삼성 등 대기업 대규모 국내투자 발표 → 반도체 강세, AI 버블론 진정(+1.94%)",정책,11/16 주말,예정,—,4,3,▲,3.4,B,반도체·지수,N,N
KR-20251118-01,2025-11-18,3953.62,-3.32,Y,"AI 거품론 재점화 + 연준 인하 속도조절 → 4,000 붕괴(-3.32%), 엔비디아 실적(11/20 새벽) 앞 경계",반도체/AI,11/18 새벽,돌발,—,4,4,▼,4.0,B,반도체,N,N
KR-20251119-01,2025-11-19,3929.51,-0.61,N,"장중 3,854.95까지 급락 후 낙폭 축소(-0.61%). 외국인 11/3~19 누적 10.2조 순매도, 공포지수 급등",수급,장중,—,—,3,1,▼,1.8,C,지수,N,N
KR-20251120-01,2025-11-20,4004.85,1.92,Y,엔비디아 3Q 매출 570.1억달러(예상 549.2억)·데이터센터 512억달러(+66%) 호실적(11/20 06:20 KST) → 3거래일 만에 반등(+1.92%),반도체/AI,11/20 06:20,예정,컨센 +3.8%,5,3,▲,3.8,B,반도체,N,N
KR-20251121-01,2025-11-21,3853.26,-3.79,Y,"""검은 금요일"": 엔비디아 호실적 효과 소멸·AI 거품 재점화 + 연준 12월 동결 전망 + 환율 상승 → -3.79%, 외국인 약 3조 순매도, SK하이닉스 -8%대",반도체/AI,11/21 새벽,돌발,—,5,4,▼,4.4,B,반도체·지수,N,N
KR-20251124-01,2025-11-24,3846.06,-0.19,N,연준 추가 인하 기대로 장초 +1.6% 후 AI 고평가 우려로 반락(-0.19%),통화정책,11/22 새벽,돌발,—,2,1,▼,1.4,C,지수,N,N
KR-20251125-01,2025-11-25,3857.78,0.30,N,구글 제미나이3(11/18 출시)·TPU 경쟁력 부각 속 소폭 반등,반도체/AI,장중,—,—,2,1,▲,1.4,C,반도체,N,N
KR-20251126-01,2025-11-26,3960.87,2.67,N,"연준 비둘기 발언·해싯 차기 의장 유력설 → 12월 인하 기대 재부상 + 알파벳 중심 AI주 반등 → +2.67%, 외국인 5,237억·기관 1.22조",통화정책,11/26 새벽,돌발,—,4,3,▲,3.4,B,지수·반도체,N,N
KR-20251127-01,2025-11-27,3986.91,0.66,N,"한은 기준금리 2.50% 동결(4회 연속), 성장률 전망 2025년 1.0%·2026년 1.8%로 상향 — 장중 4,000 터치",통화정책,10:00 장중,예정,예상 부합,4,1,◆,2.2,A,금리민감주,N,N
KR-20251128-01,2025-11-28,3926.59,-1.51,N,"美 추수감사절 휴장 속 외국인 2.04조 순매도, 반도체 약세 → -1.51%. 코스닥은 정책 기대에 3%대 급등",수급,장중,—,—,3,3,▼,3.0,C,반도체·코스닥,N,N
KR-20251201-01,2025-12-01,3920.37,-0.16,N,"BOJ 12월 금리 인상 선회(우에다 총재 12/1 발언) → 엔캐리 청산 우려, 장초 +1% 후 반락(-0.16%). 코스닥 4일째 상승",통화정책(해외),12/1 오전,돌발,—,3,1,▼,1.8,A,지수,N,N
KR-20251202-01,2025-12-02,3994.93,1.90,N,반등(+1.90%),수급,장중,—,—,1,2,▲,1.6,C,지수,N,N
KR-20251203-01,2025-12-03,4036.3,1.04,N,"9거래일 만에 4,000 회복(+1.04%) — 비상계엄 1년",수급,장중,—,—,2,2,▲,2.0,C,지수,N,N
KR-20251204-01,2025-12-04,4028.51,-0.19,N,"美 민간고용 부진에도 인하 기대 — 외국인 4일 연속 매도로 장중 3,982 후 약보합",수급,장중,—,—,1,1,▼,1.0,C,지수,N,N
KR-20251205-01,2025-12-05,4100.05,1.78,N,"외국인 9,923억·기관 1.15조 쌍끌이 매수로 16거래일 만에 4,100 회복(+1.78%)",수급,장중,—,—,3,3,▲,3.0,C,지수,N,N
KR-20251208-01,2025-12-08,4154.85,1.34,N,"외국인 3,213억 순매수, +1.34%",수급,장중,—,—,1,2,▲,1.6,C,지수,N,N
KR-20251209-01,2025-12-09,4143.55,-0.27,N,"FOMC(12/11) 앞 관망, 약보합",통화정책,—,예정,—,1,1,◆,1.0,C,지수,N,N
KR-20251210-01,2025-12-10,4135.0,-0.21,N,"FOMC 결과 발표 앞 관망, 2일째 하락",통화정책,—,예정,—,1,1,◆,1.0,C,지수,N,N
KR-20251211-01,2025-12-11,4110.62,-0.59,N,"오라클 실적(12/11 06:00) 대규모 설비투자·부채 우려 + 기관 7,748억 매도 → 하락 전환(-0.59%)",반도체/AI,12/11 06:00,예정,매출 예상 하회,4,2,▼,2.8,B,AI·반도체,N,N
KR-20251211-02,2025-12-11,4110.62,-0.59,N,"FOMC 0.25%p 인하 → 3.50~3.75%(12/11 04:00 KST, 3회 연속) → 장초 4,170까지 상승",통화정책,12/11 04:00,예정,예상 부합,4,1,▲,2.2,B,지수,N,N
KR-20251212-01,2025-12-12,4167.16,1.38,N,"연준 완화 + 브로드컴 호실적(12/12 06:00) → 4거래일 만에 상승(+1.38%), 기관 1.45조",반도체/AI,12/12 06:00,예정,—,3,3,▲,3.0,B,반도체,N,N
KR-20251215-01,2025-12-15,4090.59,-1.84,N,"브로드컴 CEO 회의적 전망·오라클 수익성 논란 → 필라델피아 반도체지수 급락(12/12 美) → -1.84%, 외국인 1.12조·기관 6,297억 매도",반도체/AI,12/13 새벽,돌발,—,4,3,▼,3.4,B,반도체,N,N
KR-20251216-01,2025-12-16,3999.13,-2.24,Y,"오라클 등 美 AI주 급락(12/15 美) → 외국인·기관 매도로 10거래일 만에 4,000 붕괴(-2.24%)",반도체/AI,12/16 새벽,돌발,—,4,4,▼,4.0,B,반도체·지수,N,N
KR-20251217-01,2025-12-17,4056.41,1.43,N,"반도체 강세 + 기관 7거래일 만에 순매수 전환 → 하루 만에 4,000 회복(+1.43%)",수급,장중,—,—,2,3,▲,2.6,C,반도체,N,N
KR-20251218-01,2025-12-18,3994.51,-1.53,Y,"""오라클 쇼크"": 블루아울, 오라클 AI 데이터센터 100억달러 투자 철회 → AI 인프라 수익성 의구심, 마이크론 호실적(12/18 06:00)에도 -1.53%. 원/달러 1,478.3원",반도체/AI,12/18 새벽,돌발,—,5,3,▼,3.8,B,반도체·AI,N,N
KR-20251219-01,2025-12-19,4020.55,0.65,N,"美 11월 CPI 안도(12/18 22:30) + AI 우려 완화 → 4,000 탈환(+0.65%). BOJ 기준금리 0.75%로 인상(예상 부합)",거시지표,12/18 22:30,예정,예상 하회,3,2,▲,2.4,B,지수,N,N
KR-20251222-01,2025-12-22,4105.93,2.12,N,"마이크론 호실적 재평가 + 산타랠리 기대 → +2.12%, 삼성전자 +3.8%(11만원), SK하이닉스 +6%. 외국인 1.10조·기관 1.60조 순매수",반도체/AI,장중,—,—,3,4,▲,3.6,C,반도체,N,N
KR-20251223-01,2025-12-23,4117.32,0.28,N,"외국인 9,550억·기관 3,502억 순매수로 3거래일 연속 상승. 트럼프 ""한화와 프리깃함 협력"" 발언 → 한화그룹·조선주 강세",정책(해외),12/23 새벽,돌발,—,3,1,▲,1.8,B,조선·한화그룹,N,N
KR-20251224-01,2025-12-24,4108.62,-0.21,N,외환당국 대책(국민연금 전략적 환헤지 등)으로 원/달러 급락에도 개인 매도로 4거래일 만에 하락(-0.21%),환율,장중,돌발,—,3,1,◆,1.8,C,지수·수출주,N,N
KR-20251226-01,2025-12-26,4129.68,0.51,N,"산타랠리 — 삼성전자 +5.31%(11.7만원) 사상 최고가, 원/달러 이틀간 43원 급락해 1,440원대",반도체/AI,장중,—,—,3,2,▲,2.4,C,삼성전자,N,N
KR-20251229-01,2025-12-29,4220.56,2.20,N,"배당락에도 삼성전자(11.95만원)·SK하이닉스(64만원, +6.84%, 투자경고 해제) 사상 최고가 → +2.20%, 역대 두 번째 종가",반도체/AI,장중,—,—,3,4,▲,3.6,C,반도체,N,N
KR-20251230-01,2025-12-30,4214.17,-0.15,N,"2025년 폐장: 코스피 4,214.17(-0.15%), 연간 +75.6%(1999년 이후 최대, 주요국 1위). SK하이닉스 연간 +279%",수급,폐장,예정,—,5,1,◆,2.6,C,지수,N,N
