id,date,nasdaq_close,nasdaq_chg_pct,close_approx,clean_day,event,category,time_et,scheduled,expected_vs_actual,news_N,impact_I,direction,importance,confidence,exposure
US-20250102-01,2025-01-02,19280.79,-0.16,N,N,"새해 첫 거래일 장초 +1% 후 하락 반전, 5거래일 연속 하락. 테슬라 연간 인도량 첫 감소(-1%) → -6.1%",기업이벤트,09:00 ET 장전,예정,예상 51.1만 → 실제 49.6만(4Q),3,2,▼,2.4,A,테슬라·EV
US-20250102-02,2025-01-02,19280.79,-0.16,N,N,애플 -2.6%(중국 할인 판매 보도),기업이벤트,장중,돌발,—,2,1,▼,1.4,C,애플
US-20250103-01,2025-01-03,19621.68,1.77,N,N,"12월 ISM 제조업 49.3(예상 48.4) 호조 → 연말 5일 연속 하락 탈출, 엔비디아 +4.5%·테슬라 +8.2%",거시지표,10:00 ET 장중,예정,예상 48.4 → 실제 49.3,3,3,▲,3.0,A,지수·반도체
US-20250103-02,2025-01-03,19621.68,1.77,N,N,"바킨 리치먼드 연은 총재 ""인플레 진전"" 발언",통화정책,장중,돌발,—,1,1,▲,1.0,C,금리민감주
US-20250106-01,2025-01-06,19864.98,1.24,N,N,"폭스콘 4Q 매출 사상 최대(AI 서버) → 엔비디아 +3.4% 사상 최고, 반도체 강세",AI/반도체,전일 장외,예정,—,3,3,▲,3.0,B,반도체·AI
US-20250106-02,2025-01-06,19864.98,1.24,N,N,"WP ""트럼프 보편관세 핵심품목 한정"" 보도 → 트럼프 부인, 장중 상승폭 축소",무역/관세,장전,돌발,—,3,2,◆,2.4,A,수입의존 기업
US-20250106-03,2025-01-06,19864.98,1.24,N,N,젠슨 황 CES 기조연설(21:30 ET 장후) 앞 기대,AI/반도체,장후,예정,—,3,1,▲,1.8,C,엔비디아
US-20250107-01,2025-01-07,19489.68,-1.89,N,N,"ISM 서비스 가격지수 64.4 급등 + JOLTS 구인 810만(예상 770만) → 10년물 4.69%, 금리인하 기대 후퇴",거시지표,10:00 ET 장중,예정,예상 상회(물가·고용 모두),4,3,▼,3.4,A,성장주·지수
US-20250107-02,2025-01-07,19489.68,-1.89,N,N,엔비디아 CES 다음날 -6.2% 차익실현(셀 더 뉴스),AI/반도체,장중,—,—,3,2,▼,2.4,C,엔비디아·반도체
US-20250108-01,2025-01-08,19478.88,-0.06,N,N,"CNN ""트럼프, 관세 위해 국가경제비상사태 선포 검토"" 보도 → 장중 하락 후 FOMC 의사록에 보합권 회복",무역/관세,장중,돌발,—,3,1,◆,1.8,A,지수
US-20250108-02,2025-01-08,19478.88,-0.06,N,N,"12월 FOMC 의사록(14:00 ET): ""인하 속도 조절"" 확인, 예상 부합",통화정책,14:00 ET 장중,예정,부합,2,1,◆,1.4,A,금리민감주
US-20250110-01,2025-01-10,19161.63,-1.63,N,Y,"12월 비농업고용 +25.6만(예상 16.5만)·실업률 4.1% → 10년물 4.79% 급등, 연내 인하 기대 1회로 축소",거시지표,08:30 ET 장전,예정,예상 +16.5만 → 실제 +25.6만,5,3,▼,3.8,A,지수·성장주
US-20250110-02,2025-01-10,19161.63,-1.63,N,Y,미시간대 1년 기대인플레 3.3%(전월 2.8%) 급등,거시지표,10:00 ET 장중,예정,예상 상회,3,2,▼,2.4,A,지수
US-20250110-03,2025-01-10,19161.63,-1.63,N,Y,(1/9 카터 전 대통령 국장으로 휴장),기타,—,예정,—,2,1,◆,1.4,C,—
US-20250113-01,2025-01-13,19088.1,-0.38,N,N,바이든 정부 AI 칩 수출규제 확산 규칙(AI Diffusion Rule) 발표 → 엔비디아 -2%,AI/반도체,장전,돌발,—,3,2,▼,2.4,A,엔비디아·AMD
US-20250113-02,2025-01-13,19088.1,-0.38,N,N,"고용 서프라이즈 여진: 10년물 장중 4.8% 돌파, 나스닥 장중 -1.5%에서 낙폭 축소",채권/금리,장중,—,—,3,1,▼,1.8,C,성장주
US-20250114-01,2025-01-14,19044.39,-0.23,N,N,12월 PPI +0.2%(예상 0.4%) 하회 → 장초 상승 후 반납,거시지표,08:30 ET 장전,예정,예상 하회,3,1,◆,1.8,A,지수
US-20250114-02,2025-01-14,19044.39,-0.23,N,N,일라이릴리 가이던스 하향 -6.6% (체중감량제 매출 미달),기업실적,장전,돌발,미달,2,1,▼,1.4,A,제약
US-20250115-01,2025-01-15,19511.23,2.45,N,Y,"12월 CPI 근원 3.2%(예상 3.3%) 하회 → 10년물 -14bp, 나스닥 +2.45% (11월 이후 최대 상승)",거시지표,08:30 ET 장전,예정,근원 예상 3.3% → 실제 3.2%,5,4,▲,4.4,A,지수·성장주
US-20250115-02,2025-01-15,19511.23,2.45,N,Y,JP모건·웰스파고·씨티·골드만 4Q 호실적 → 은행주 급등,기업실적,장전,예정,상회,3,2,▲,2.4,A,은행
US-20250116-01,2025-01-16,19338.29,-0.89,N,N,"애플 -4%(中 아이폰 점유율 하락, 카운터포인트) + 테크 차익실현",기업이벤트,장중,돌발,—,3,2,▼,2.4,C,애플
US-20250116-02,2025-01-16,19338.29,-0.89,N,N,모건스탠리·BofA 호실적 vs 유나이티드헬스 매출 미달 -6%,기업실적,장전,예정,혼조,2,1,◆,1.4,A,금융·헬스케어
US-20250116-03,2025-01-16,19338.29,-0.89,N,N,"월러 연준 이사 ""상반기 인하 가능"" → 금리 하락",통화정책,장후(1/15),돌발,—,2,1,▲,1.4,B,금리민감주
US-20250117-01,2025-01-17,19630.2,1.51,N,N,"트럼프-시진핑 통화(취임 전) ""무역·펜타닐·틱톡 논의"" → 대중 관세 우려 완화",무역/관세,장전,돌발,—,3,3,▲,3.0,B,중국 노출주
US-20250117-02,2025-01-17,19630.2,1.51,N,N,"TSMC 호실적(1/16) 여진 + 옵션 만기 → 엔비디아 +3%, 나스닥 +1.5%",AI/반도체,전일,예정,상회,3,2,▲,2.4,B,반도체
US-20250121-01,2025-01-21,19756.78,0.64,N,N,"트럼프 취임(1/20, 휴장일) — 취임일 관세 즉시 부과 없음(2/1 캐·멕 25% 검토 발언) → 안도",무역/관세,1/20,예정,예상(즉시 부과) → 실제 보류,5,2,▲,3.2,B,지수·수입의존
US-20250121-02,2025-01-21,19756.78,0.64,N,N,"넷플릭스 4Q 가입자 1,900만 순증(장후) 발표",기업실적,16:00 ET 장후,예정,상회,3,1,▲,1.8,A,넷플릭스
US-20250122-01,2025-01-22,20009.34,1.28,N,Y,"스타게이트(오픈AI·소프트뱅크·오라클) AI 인프라 5,000억달러 발표(1/21 저녁) → 오라클 +6.7%, 엔비디아 +4.4%, 나스닥 2만선 회복",AI/반도체,전일 16:00 ET 이후,돌발,—,5,3,▲,3.8,B,AI 인프라
US-20250122-02,2025-01-22,20009.34,1.28,N,Y,넷플릭스 +9.7%(가격 인상·가입자 호조),기업실적,전일 장후,예정,상회,3,1,▲,1.8,B,넷플릭스
US-20250123-01,2025-01-23,20053.68,0.22,N,N,"트럼프 다보스 화상연설 ""금리 즉각 인하 요구, 유가 인하 압박"" → S&P 사상 최고(6,118.71)",정치,11:00 ET 장중,돌발,—,4,1,▲,2.2,A,지수
US-20250123-02,2025-01-23,20053.68,0.22,N,N,GE에어로 등 실적 호조,기업실적,장전,예정,상회,1,1,▲,1.0,C,산업재
US-20250124-01,2025-01-24,19954.3,-0.50,N,N,중국 딥시크 R1 저비용 모델 확산(주말),AI/반도체,주말,돌발,—,3,1,◆,1.8,C,AI
US-20250124-02,2025-01-24,19954.3,-0.50,N,N,1월 S&P 글로벌 서비스 PMI 52.8 급락 + 반도체 차익실현(엔비디아 -3%),거시지표,09:45 ET 장중,예정,예상 하회,2,1,▼,1.4,C,반도체
US-20250127-01,2025-01-27,19341.83,-3.07,N,Y,"딥시크(DeepSeek) R1 쇼크: 600만달러 학습비용 주장 → AI 설비투자 회의론, 엔비디아 -17%(시총 5,890억달러 증발, 美 단일종목 사상 최대), 브로드컴 -17%",AI/반도체,주말~장전,돌발,—,5,4,▼,4.4,B,AI 반도체·전력 인프라
US-20250127-02,2025-01-27,19341.83,-3.07,N,Y,"美 국채금리 급락(안전자산 선호), 애플 +3% 대조",채권/금리,장중,—,—,3,1,◆,1.8,C,빅테크
US-20250128-01,2025-01-28,19733.59,2.03,Y,N,딥시크 쇼크 반발매수 → 엔비디아 +8.9% 반등,AI/반도체,장중,—,—,3,4,▲,3.6,C,엔비디아
US-20250128-02,2025-01-28,19733.59,2.03,Y,N,컨퍼런스보드 소비자신뢰 104.1 하락,거시지표,10:00 ET 장중,예정,예상 하회,1,1,▼,1.0,C,소비재
US-20250129-01,2025-01-29,19632.32,-0.51,Y,N,"FOMC 4.25~4.50% 동결(예상 부합), 성명서 ""인플레 진전"" 문구 삭제 → 매파적 해석",통화정책,14:00 ET 장중,예정,부합(동결),5,2,▼,3.2,A,지수
US-20250129-02,2025-01-29,19632.32,-0.51,Y,N,"엔비디아 -4%(딥시크 여진), 장후 MS·메타·테슬라 실적",AI/반도체,장중,—,—,3,2,▼,2.4,C,AI
US-20250130-01,2025-01-30,19681.75,0.25,N,N,MS 애저 성장 둔화 -6.2%(3년 최대 낙폭) vs 메타 +1.6%·테슬라 +2.9%,기업실적,전일 16:00 ET 장후,예정,애저 미달,4,2,◆,2.8,B,빅테크
US-20250130-02,2025-01-30,19681.75,0.25,N,N,4Q GDP 2.3%(예상 2.6%) 하회,거시지표,08:30 ET 장전,예정,예상 하회,3,1,◆,1.8,A,지수
US-20250130-03,2025-01-30,19681.75,0.25,N,N,워싱턴DC 여객기-헬기 충돌 사고,기타,전일 밤,돌발,—,3,1,◆,1.8,C,항공
US-20250131-01,2025-01-31,19627.44,-0.28,N,N,"백악관 ""2/1 캐·멕 25%, 중국 10% 관세 부과"" 확인 → 장초 상승분 반납",무역/관세,13:30 ET 장중,돌발,연기 기대 → 강행,5,2,▼,3.2,A,지수·수입의존
US-20250131-02,2025-01-31,19627.44,-0.28,N,N,애플 호실적 vs 엔비디아 -3.7%(주간 -16%),기업실적,전일 장후,예정,—,3,1,◆,1.8,B,빅테크
US-20250131-03,2025-01-31,19627.44,-0.28,N,N,12월 근원 PCE 2.8% 부합,거시지표,08:30 ET 장전,예정,부합,2,1,◆,1.4,A,지수
US-20250203-01,2025-02-03,19391.96,-1.20,N,Y,트럼프 캐·멕 25%·中 10% 관세 행정명령 서명(2/1 토) → 장초 -2% 급락 → 멕시코 관세 30일 유예 합의로 낙폭 축소,무역/관세,주말,돌발,—,5,3,▼,3.8,B,자동차·수입의존
US-20250203-02,2025-02-03,19391.96,-1.20,N,Y,ISM 제조업 50.9 — 26개월 만에 확장,거시지표,10:00 ET 장중,예정,예상 상회,2,1,▲,1.4,A,산업재
US-20250204-01,2025-02-04,19654.02,1.35,N,N,캐나다 관세도 30일 유예(2/3 장후) + 中 대미 보복관세(석탄·LNG 15%) 제한적 → 안도,무역/관세,전일 장후,돌발,—,4,3,▲,3.4,B,지수
US-20250204-02,2025-02-04,19654.02,1.35,N,N,팔란티어 호실적 +24%,기업실적,전일 장후,예정,상회,3,1,▲,1.8,B,팔란티어·AI 소프트웨어
US-20250204-03,2025-02-04,19654.02,1.35,N,N,장후 알파벳 클라우드 미달 발표,기업실적,16:00 ET 장후,예정,미달,3,1,▼,1.8,A,알파벳
US-20250205-01,2025-02-05,19692.33,0.19,N,N,"알파벳 -7.3%(클라우드 성장 둔화, 750억달러 설비투자) vs 엔비디아 +5% (AI 투자 확대 수혜)",기업실적,전일 장후,예정,미달,3,2,◆,2.4,B,알파벳·AI 반도체
US-20250205-02,2025-02-05,19692.33,0.19,N,N,"10년물 4.42%로 하락(베선트 ""장기금리 낮추는 데 집중"")",채권/금리,장중,돌발,—,2,1,▲,1.4,C,성장주
US-20250206-01,2025-02-06,19791.99,0.51,N,N,"장후 아마존 가이던스 미달 발표 앞 기술주 강세, 엔비디아 +3%",AI/반도체,장중,—,—,2,1,▲,1.4,C,반도체
US-20250206-02,2025-02-06,19791.99,0.51,N,N,영란은행 금리 인하(4.5%),통화정책,07:00 ET 장전,예정,부합,1,1,◆,1.0,C,—
US-20250207-01,2025-02-07,19523.4,-1.36,N,N,1월 고용 +14.3만(예상 17만) vs 실업률 4.0%·임금 +0.5% → 금리 상승,거시지표,08:30 ET 장전,예정,고용 미달·임금 상회,4,3,▼,3.4,A,지수
US-20250207-02,2025-02-07,19523.4,-1.36,N,N,"트럼프 ""다음 주 상호관세 발표"" 예고 → 장 후반 낙폭 확대, 아마존 -4%",무역/관세,장중,돌발,—,4,2,▼,2.8,A,지수
US-20250207-03,2025-02-07,19523.4,-1.36,N,N,미시간대 1년 기대인플레 4.3%(전월 3.3%) 급등 → 스태그 우려,거시지표,10:00 ET 장중,예정,예상 상회,3,2,▼,2.4,A,소비재
US-20250210-01,2025-02-10,19714.27,0.98,N,N,"트럼프 철강·알루미늄 25% 관세 발표(2/9 일) → 철강주↑, 시장 영향 제한적",무역/관세,주말,돌발,—,4,1,▲,2.2,B,철강·알루미늄
US-20250210-02,2025-02-10,19714.27,0.98,N,N,"반도체 강세(브로드컴 +5%, AI 투자 확대 기대) → 나스닥 +1%",AI/반도체,장중,—,—,2,2,▲,2.0,C,반도체
US-20250211-01,2025-02-11,19643.86,-0.36,N,N,"파월 상원 증언 ""금리 인하 서두를 필요 없어""",통화정책,10:00 ET 장중,예정,부합,3,1,▼,1.8,A,금리민감주
US-20250211-02,2025-02-11,19643.86,-0.36,N,N,"테슬라 -6%(유럽 판매 급감), 애플 +2%(알리바바 AI 협력)",기업이벤트,장중,—,—,2,1,◆,1.4,C,테슬라·애플
US-20250212-01,2025-02-12,19649.95,0.03,N,N,1월 CPI 3.0%(예상 2.9%)·근원 3.3% 상회 → 장초 나스닥 -1% 후 회복,거시지표,08:30 ET 장전,예정,예상 상회,5,2,◆,3.2,A,지수
US-20250212-02,2025-02-12,19649.95,0.03,N,N,"트럼프-푸틴 통화, 우크라 종전 협상 개시 합의",지정학,장중,돌발,—,4,1,▲,2.2,A,방산·유럽
US-20250213-01,2025-02-13,19945.64,1.50,N,Y,"트럼프 상호관세 ""검토 지시"" 각서 서명(즉시 부과 아님, 4/1 이후) → 안도 랠리, 나스닥 +1.5%",무역/관세,13:00 ET 장중,예정,즉시 부과 우려 → 검토,5,3,▲,3.8,A,지수
US-20250213-02,2025-02-13,19945.64,1.50,N,Y,1월 PPI 상회했지만 PCE 연동 항목 하락 → 금리 하락,거시지표,08:30 ET 장전,예정,헤드라인 상회,2,1,▲,1.4,A,금리민감주
US-20250214-01,2025-02-14,20026.77,0.41,N,N,"1월 소매판매 -0.9%(예상 -0.2%) 급감 → 금리 하락, 나스닥 2만선 회복",거시지표,08:30 ET 장전,예정,예상 하회,3,1,▲,1.8,A,지수
US-20250214-02,2025-02-14,20026.77,0.41,N,N,애플·엔비디아 강세,AI/반도체,장중,—,—,1,1,▲,1.0,C,빅테크
US-20250218-01,2025-02-18,20041.26,0.07,N,N,"S&P 사상 최고(6,129.58). 인텔 +16%(TSMC·브로드컴 인수 검토 보도)",기업이벤트,장중,돌발,—,3,1,▲,1.8,C,인텔·반도체
US-20250218-02,2025-02-18,20041.26,0.07,N,N,(2/17 대통령의 날 휴장) 美-러 사우디 회담,지정학,장중,예정,—,3,1,◆,1.8,C,—
US-20250219-01,2025-02-19,20056.25,0.07,N,N,"S&P 사상 최고 경신(6,144.15, 2025년 고점) — 이후 4월 초까지 -19% 조정",수급/기술적,장중,—,—,3,1,▲,1.8,C,지수
US-20250219-02,2025-02-19,20056.25,0.07,N,N,"1월 FOMC 의사록 ""관세로 인플레 상방 위험""",통화정책,14:00 ET 장중,예정,—,2,1,◆,1.4,A,금리민감주
US-20250220-01,2025-02-20,19962.37,-0.47,N,N,월마트 연간 가이던스 실망 -6.5% → 소비 둔화 우려,기업실적,장전,예정,미달,3,2,▼,2.4,A,소매·소비재
US-20250220-02,2025-02-20,19962.37,-0.47,N,N,"트럼프 ""中과 새 무역협정 가능"" 발언",무역/관세,장중,돌발,—,2,1,▲,1.4,C,중국 노출주
US-20250221-01,2025-02-21,19524.01,-2.20,N,Y,"S&P 서비스 PMI 49.7(2023.1 이후 첫 위축) + 미시간 소비심리 64.7 급락·장기 기대인플레 3.5% → 스태그플레이션 우려, 나스닥 -2.2%",거시지표,09:45/10:00 ET 장중,예정,예상 하회,4,4,▼,4.0,A,지수·소비재
US-20250221-02,2025-02-21,19524.01,-2.20,N,Y,유나이티드헬스 -7%(메디케어 과다청구 조사 보도),기업이벤트,장중,돌발,—,3,1,▼,1.8,A,헬스케어
US-20250221-03,2025-02-21,19524.01,-2.20,N,Y,中 우한 신종 박쥐 코로나 발견 보도 → 백신주 급등,기타,장중,돌발,—,2,1,▼,1.4,C,백신·여행
US-20250224-01,2025-02-24,19286.93,-1.21,Y,N,"트럼프 ""캐·멕 관세 3/4 예정대로"" 발언 + AI주 약세(MS 데이터센터 임대 취소 보도) → 나스닥 -1.2%",무역/관세,14:00 ET 장중,돌발,—,4,3,▼,3.4,A,AI·수입의존
US-20250224-02,2025-02-24,19286.93,-1.21,Y,N,팔란티어 -10%(국방예산 삭감 우려),정책(미국),장중,돌발,—,2,1,▼,1.4,C,팔란티어
US-20250225-01,2025-02-25,19026.39,-1.35,Y,N,"컨퍼런스보드 소비자신뢰 98.3 — 2021.8 이후 최대 낙폭 → 10년물 4.3%로 급락, 테슬라 -8%",거시지표,10:00 ET 장중,예정,예상 102.5 → 실제 98.3,4,3,▼,3.4,A,지수·소비재
US-20250225-02,2025-02-25,19026.39,-1.35,Y,N,엔비디아 실적(2/26) 앞 반도체 약세,AI/반도체,장중,—,—,2,2,▼,2.0,C,반도체
US-20250226-01,2025-02-26,19075.26,0.26,N,N,엔비디아 4Q 매출 393억달러(예상 380억) 발표(16:20 ET),기업실적,16:20 ET 장후,예정,상회,5,1,◆,2.6,A,엔비디아
US-20250226-02,2025-02-26,19075.26,0.26,N,N,"엔비디아 실적 발표(장후) 앞 소폭 반등; 트럼프 ""EU에 25% 관세"" 발언(장중)",무역/관세,장중,돌발,—,3,1,◆,1.8,A,유럽 노출주
US-20250227-01,2025-02-27,18544.42,-2.78,N,N,"엔비디아 호실적에도 -8.5%(마진 가이던스 실망) → AI 랠리 퇴색, 나스닥 -2.8%",AI/반도체,전일 장후,예정,매출 상회·마진 미달,5,4,▼,4.4,B,AI 반도체
US-20250227-02,2025-02-27,18544.42,-2.78,N,N,"트럼프 ""캐·멕 관세 3/4 발효 + 中 10% 추가"" 확인 → 장중 낙폭 확대",무역/관세,장중,돌발,—,4,2,▼,2.8,A,지수
US-20250228-01,2025-02-28,18847.28,1.63,N,N,"트럼프-젤렌스키 백악관 공개 설전(장중) 후 장 후반 반등, 월말 리밸런싱 → 나스닥 +1.6%",지정학,12:00 ET 장중,돌발,—,5,3,◆,3.8,A,방산·유럽
US-20250228-02,2025-02-28,18847.28,1.63,N,N,1월 근원 PCE 2.6% 부합,거시지표,08:30 ET 장전,예정,부합,2,1,▲,1.4,A,지수
US-20250303-01,2025-03-03,18350.19,-2.64,N,Y,"트럼프 ""캐·멕 관세 협상 여지 없다(3/4 발효)"" → 장 후반 급락, 나스닥 -2.6%",무역/관세,15:00 ET 장중,돌발,연기 기대 → 강행,5,4,▼,4.4,A,지수·자동차
US-20250303-02,2025-03-03,18350.19,-2.64,N,Y,"ISM 제조업 50.3 둔화·가격지수 급등, 애틀랜타 연은 GDPNow -2.8%",거시지표,10:00 ET 장중,예정,예상 하회,3,2,▼,2.4,A,지수
US-20250303-03,2025-03-03,18350.19,-2.64,N,Y,엔비디아 -8.7%,AI/반도체,장중,—,—,3,2,▼,2.4,C,반도체
US-20250304-01,2025-03-04,18285.16,-0.35,N,N,캐·멕 25%·中 추가 10%(누적 20%) 관세 발효(00:01 ET) → 캐·中 즉각 보복,무역/관세,00:01 ET,예정,—,5,2,▼,3.2,B,지수
US-20250304-02,2025-03-04,18285.16,-0.35,N,N,"러트닉 ""캐·멕 타협 가능"" 발언으로 낙폭 축소(-0.35%)",무역/관세,장후 인터뷰(전일),돌발,—,3,1,▲,1.8,C,—
US-20250305-01,2025-03-05,18552.73,1.46,N,N,"트럼프, 美·멕·캐협정(USMCA) 자동차 관세 1개월 면제 → 자동차·나스닥 +1.5%",무역/관세,13:00 ET 장중,돌발,—,4,3,▲,3.4,A,자동차
US-20250305-02,2025-03-05,18552.73,1.46,N,N,독일 재정 확장(부채 브레이크 개혁) 발표 → 글로벌 금리 급등,재정,장전,돌발,—,3,1,◆,1.8,C,유럽
US-20250305-03,2025-03-05,18552.73,1.46,N,N,ADP 고용 7.7만(예상 14만) 부진,거시지표,08:15 ET 장전,예정,예상 하회,2,1,▼,1.4,A,지수
US-20250306-01,2025-03-06,18069.26,-2.61,N,N,"USMCA 품목 관세 4/2까지 유예 확대에도 기술주 매도 → 나스닥 -2.6%, 12/16 고점 대비 -10% 조정 진입",수급/기술적,장중,—,—,4,4,▼,4.0,C,지수·반도체
US-20250306-02,2025-03-06,18069.26,-2.61,N,N,마벨 -20%(가이던스 실망),기업실적,전일 장후,예정,미달,2,1,▼,1.4,B,반도체
US-20250307-01,2025-03-07,18196.22,0.70,N,N,"2월 고용 +15.1만(예상 16만) 무난 + 파월 ""서두르지 않아, 경제 양호"" → 장중 저점 대비 반등",거시지표,08:30 ET 장전,예정,소폭 미달,4,2,▲,2.8,A,지수
US-20250307-02,2025-03-07,18196.22,0.70,N,N,"트럼프 ""캐나다 유제품·목재 관세"" 위협",무역/관세,장중,돌발,—,2,1,▼,1.4,C,캐나다 노출주
US-20250310-01,2025-03-10,17468.32,-4.00,N,Y,"트럼프 폭스뉴스 인터뷰(3/9 일) ""과도기(transition)"" 경기침체 배제 안 해 → 나스닥 -4.0%(2022.9 이후 최악)",정치,주말,돌발,—,5,4,▼,4.4,B,지수·고밸류
US-20250310-02,2025-03-10,17468.32,-4.00,N,Y,"테슬라 -15%, 팔란티어 -10% (고밸류 성장주 집중 매도)",수급/기술적,장중,—,—,3,2,▼,2.4,C,테슬라·팔란티어
US-20250311-01,2025-03-11,17436.1,-0.18,N,N,트럼프 캐나다 철강·알루미늄 50% 위협(온타리오 전기 할증 대응) → 온타리오 철회 후 번복,무역/관세,09:30 ET 장중,돌발,—,4,1,▼,2.2,A,철강·캐나다
US-20250311-02,2025-03-11,17436.1,-0.18,N,N,우크라 30일 휴전안 수용(사우디 회담),지정학,장중,돌발,—,3,1,▲,1.8,C,유럽
US-20250311-03,2025-03-11,17436.1,-0.18,N,N,JOLTS 구인 774만 예상 상회,거시지표,10:00 ET 장중,예정,상회,1,1,◆,1.0,C,—
US-20250312-01,2025-03-12,17648.45,1.22,N,N,2월 CPI 2.8%(예상 2.9%)·근원 3.1% 하회 → 기술주 반등 +1.2%,거시지표,08:30 ET 장전,예정,예상 하회,4,3,▲,3.4,A,지수·성장주
US-20250312-02,2025-03-12,17648.45,1.22,N,N,철강·알루미늄 25% 관세 발효 → EU·캐나다 보복관세 발표,무역/관세,00:01 ET,예정,—,3,1,▼,1.8,C,철강
US-20250313-01,2025-03-13,17303.01,-1.96,Y,N,"트럼프 ""EU 와인·주류 200% 관세"" 위협 → S&P 2/19 고점 대비 -10% 조정 진입",무역/관세,08:00 ET 장전,돌발,—,4,3,▼,3.4,A,지수
US-20250313-02,2025-03-13,17303.01,-1.96,Y,N,2월 PPI 보합(예상 +0.3%)에도 반영 안 됨; 셧다운 우려,거시지표,08:30 ET 장전,예정,예상 하회,2,1,◆,1.4,A,—
US-20250314-01,2025-03-14,17754.09,2.61,Y,N,슈머 민주당 원내대표 임시예산안 지지(3/13 밤) → 셧다운 회피 기대 + 저가매수 → 나스닥 +2.6%,재정,전일 밤,돌발,—,3,4,▲,3.6,B,지수
US-20250314-02,2025-03-14,17754.09,2.61,Y,N,미시간대 소비심리 57.9 급락·기대인플레 급등에도 반등,거시지표,10:00 ET 장중,예정,예상 하회,2,1,▼,1.4,A,—
US-20250317-01,2025-03-17,17808.66,0.31,Y,N,2월 소매판매 +0.2%(예상 0.6%) 부진에도 핵심(컨트롤그룹) +1.0% 양호 → 2일 연속↑,거시지표,08:30 ET 장전,예정,헤드라인 미달·근원 상회,3,1,▲,1.8,A,소비재
US-20250317-02,2025-03-17,17808.66,0.31,Y,N,中 소비부양책 발표,정책(해외),주말,돌발,—,2,1,▲,1.4,C,중국 노출주
US-20250318-01,2025-03-18,17504.12,-1.71,N,N,"엔비디아 GTC 키노트(13:00 ET) 실망 -3.4%, 테슬라 -5%, 알파벳 위즈 320억달러 인수 → 나스닥 -1.7%",AI/반도체,13:00 ET 장중,예정,—,4,3,▼,3.4,A,AI 반도체
US-20250318-02,2025-03-18,17504.12,-1.71,N,N,이스라엘 가자 공습 재개(휴전 붕괴),지정학,장전,돌발,—,3,1,▼,1.8,C,에너지
US-20250319-01,2025-03-19,17750.79,1.41,N,N,"FOMC 동결, 점도표 연 2회 인하 유지 + QT 속도 축소(국채 월 250억→50억) + 파월 ""관세 인플레는 일시적(transitory)"" → +1.4%",통화정책,14:00 ET 장중,예정,비둘기 서프라이즈(QT),5,3,▲,3.8,A,지수
US-20250320-01,2025-03-20,17691.62,-0.33,N,N,"트럼프 ""4/2 상호관세 예정대로"" + 마이크론 가이던스 호실적 후 하락 반전",무역/관세,장중,돌발,—,3,1,▼,1.8,C,지수
US-20250320-02,2025-03-20,17691.62,-0.33,N,N,BOJ·영란은행 동결,통화정책,장전,예정,부합,1,1,◆,1.0,C,—
US-20250321-01,2025-03-21,17784.05,0.52,N,N,"트럼프 ""상호관세 유연성(flexibility)"" 발언 → 장초 -1% 후 반등, 쿼드러플 위칭(분기 선물옵션 만기)",무역/관세,장중,돌발,—,3,1,▲,1.8,A,지수
US-20250321-02,2025-03-21,17784.05,0.52,N,N,"페덱스 가이던스 하향 -6%, 나이키 -5%",기업실적,전일 장후,예정,미달,2,1,▼,1.4,B,운송·소비재
US-20250324-01,2025-03-24,18188.59,2.27,N,Y,"WSJ·블룸버그 ""4/2 상호관세 범위 축소·일부 국가 면제"" 보도(3/23) → 나스닥 +2.3%, 테슬라 +12%",무역/관세,주말,돌발,—,4,4,▲,4.0,B,지수·테슬라
US-20250324-02,2025-03-24,18188.59,2.27,N,Y,S&P 서비스 PMI 54.3 반등,거시지표,09:45 ET 장중,예정,예상 상회,2,1,▲,1.4,A,—
US-20250325-01,2025-03-25,18271.86,0.46,N,N,컨퍼런스보드 소비자신뢰 92.9(12년 만에 최저 기대지수)에도 소폭 상승,거시지표,10:00 ET 장중,예정,예상 하회,2,1,◆,1.4,A,소비재
US-20250325-02,2025-03-25,18271.86,0.46,N,N,"트럼프 ""베네수엘라 원유 수입국 25% 2차 관세""",무역/관세,전일,돌발,—,2,1,◆,1.4,C,에너지
US-20250326-01,2025-03-26,17899.01,-2.04,N,N,"中 에너지효율 규제로 엔비디아 H20 판매 제한 보도(FT) → 엔비디아 -6%, 반도체 급락",AI/반도체,장전,돌발,—,3,4,▼,3.6,B,AI 반도체
US-20250326-02,2025-03-26,17899.01,-2.04,N,N,자동차 관세 발표 임박(백악관 16:00 ET 기자회견 예고) → 자동차·테슬라 -5.6%,무역/관세,장중,예정,—,4,2,▼,2.8,A,자동차
US-20250327-01,2025-03-27,17804.03,-0.53,N,N,"수입차·부품 25% 관세 행정명령(3/26 장후, 4/3 발효) → GM -7.4%, 포드 -3.9%",무역/관세,전일 16:00 ET 장후,예정,—,5,2,▼,3.2,B,자동차·부품
US-20250327-02,2025-03-27,17804.03,-0.53,N,N,4Q GDP 확정 2.4% 상향,거시지표,08:30 ET 장전,예정,상회,1,1,◆,1.0,C,—
US-20250328-01,2025-03-28,17322.99,-2.70,N,Y,"2월 근원 PCE +0.4%(예상 0.3%) + 미시간 장기 기대인플레 4.1%(1993년 이후 최고) → 스태그플레이션 우려, 나스닥 -2.7%",거시지표,08:30/10:00 ET,예정,예상 상회,4,4,▼,4.0,A,지수·소비재
US-20250328-02,2025-03-28,17322.99,-2.70,N,Y,룰루레몬 -14% 가이던스 쇼크,기업실적,전일 장후,예정,미달,2,1,▼,1.4,B,소비재
US-20250331-01,2025-03-31,17299.29,-0.14,N,N,"트럼프 ""상호관세 모든 국가 대상"" 발언 → 장중 -2.6% 급락 후 분기말 리밸런싱으로 낙폭 만회(-0.1%). 1분기 나스닥 -10.4%(2022년 이후 최악 분기)",무역/관세,주말(3/30),돌발,—,4,2,◆,2.8,B,지수
US-20250331-02,2025-03-31,17299.29,-0.14,N,N,골드만 침체 확률 35%로 상향,거시지표,장전,돌발,—,2,1,▼,1.4,C,—
US-20250401-01,2025-04-01,17449.89,0.87,N,N,3월 ISM 제조업 49.0 위축 전환·JOLTS 부진에도 상호관세 발표 앞 저가매수 반등,거시지표,10:00 ET 장중,예정,예상 하회,3,1,▲,1.8,A,지수
US-20250401-02,2025-04-01,17449.89,0.87,N,N,테슬라 +3.6%(머스크 DOGE 퇴진 기대),기업이벤트,장중,돌발,—,2,1,▲,1.4,C,테슬라
US-20250402-01,2025-04-02,17601.05,0.87,N,N,"""해방의 날"" 상호관세 발표 앞 등락(+0.9%) — 발표는 장후 16:00 ET(기본 10% + 국가별 최대 50%, 中 34%·EU 20%·日 24%·韓 25%)",무역/관세,16:00 ET 장후,예정,예상(10~20% 일률) → 실제 훨씬 높음,5,1,◆,2.6,A,지수
US-20250402-02,2025-04-02,17601.05,0.87,N,N,선물 장후 -4% 급락 (애플·나이키 등 수입 의존주 시간외 -7%),무역/관세,장후,—,—,4,1,▼,2.2,A,수입의존
US-20250403-01,2025-04-03,16550.61,-5.97,N,Y,"상호관세 충격: 나스닥 -5.97%(2020.3 이후 최악), 시총 약 2.5조달러 증발. 애플 -9.2%, 나이키 -14%, 엔비디아 -7.8%",무역/관세,전일 16:00 ET 장후,예정,예상 대비 대폭 상회,5,5,▼,5.0,B,지수·수입의존·반도체
US-20250403-02,2025-04-03,16550.61,-5.97,N,Y,달러 급락·10년물 4.0% 하회(침체 우려),채권/금리,장중,—,—,3,1,▼,1.8,C,—
US-20250404-01,2025-04-04,15587.79,-5.82,N,Y,"中 대미 34% 맞불관세 + 희토류 수출통제(07:00 ET 장전) → 나스닥 -5.8%, 12/16 고점 대비 -22% 약세장 진입",무역/관세,장전,돌발,—,5,5,▼,5.0,B,지수·중국 노출주
US-20250404-02,2025-04-04,15587.79,-5.82,N,Y,"파월 ""관세로 인플레 상승·성장 둔화 가능성 높아"" → 인하 기대 차단",통화정책,11:25 ET 장중,예정,매파,4,2,▼,2.8,A,지수
US-20250404-03,2025-04-04,15587.79,-5.82,N,Y,3월 고용 +22.8만(예상 13.5만) 호조 무력화,거시지표,08:30 ET 장전,예정,상회,3,1,▲,1.8,A,—
US-20250407-01,2025-04-07,15603.26,0.10,N,N,"""트럼프 90일 관세 유예 검토"" 오보(10:10 ET, 해싯 인터뷰 왜곡) → 나스닥 장중 -5%→+4% 급등 후 백악관 부인, 보합 마감. 거래대금 사상 최대급",무역/관세,10:10 ET 장중,돌발,—,5,2,◆,3.2,A,지수
US-20250407-02,2025-04-07,15603.26,0.10,N,N,"트럼프 ""中 보복 철회 안하면 50% 추가"" 위협",무역/관세,11:30 ET 장중,돌발,—,4,2,▼,2.8,A,중국 노출주
US-20250408-01,2025-04-08,15267.91,-2.15,N,Y,"장초 +4% 급등(日·韓 협상 기대) 후 백악관 ""中 104% 관세 자정 발효"" 확인으로 -2.1% 반전",무역/관세,13:00 ET 장중,돌발,—,5,4,▼,4.4,A,지수
US-20250408-02,2025-04-08,15267.91,-2.15,N,Y,美 국채 급락(10년물 4.3%) — 베이시스 트레이드 청산 우려,채권/금리,장중,—,—,3,2,▼,2.4,C,금융
US-20250409-01,2025-04-09,17124.97,12.16,N,Y,"트럼프 트루스소셜 ""中 제외 상호관세 90일 유예(10%만 부과), 中 125%"" (13:18 ET) → 나스닥 +12.2%(2001.1 이후 최대 상승, 역대 2위)",무역/관세,13:18 ET 장중,돌발,—,5,5,▲,5.0,A,지수 전체
US-20250409-02,2025-04-09,17124.97,12.16,N,Y,장 초반 美 국채 투매(10년물 4.5%) → 유예 결정 배경으로 해석,채권/금리,장중,—,—,3,1,▲,1.8,C,—
US-20250409-03,2025-04-09,17124.97,12.16,N,Y,3월 FOMC 의사록(14:00 ET) 영향 없음,통화정책,14:00 ET,예정,—,1,1,◆,1.0,C,—
US-20250410-01,2025-04-10,16387.31,-4.31,N,Y,"백악관 ""대중 관세 실제 145%(펜타닐 20% 포함)"" 확인 + 전일 급등 반락 → 나스닥 -4.3%",무역/관세,장중,돌발,—,5,4,▼,4.4,A,지수·중국 노출주
US-20250410-02,2025-04-10,16387.31,-4.31,N,Y,3월 CPI 2.4%(예상 2.6%) 하회 — 관세 전 데이터로 무시,거시지표,08:30 ET 장전,예정,예상 하회,3,1,▲,1.8,A,—
US-20250411-01,2025-04-11,16724.46,2.06,N,N,"中 대미 관세 125%로 인상(05:00 ET) ""추가 인상은 무의미"" → 확전 한계 인식에 반등 +2.1%",무역/관세,장전,돌발,—,5,4,▲,4.4,B,지수
US-20250411-02,2025-04-11,16724.46,2.06,N,N,"10년물 주간 +50bp(2001년 이후 최대) · 달러 약세 ""Sell America""",채권/금리,장중,—,—,4,1,▼,2.2,C,—
US-20250411-03,2025-04-11,16724.46,2.06,N,N,"JP모건·모건스탠리 호실적, 미시간 기대인플레 6.7%(1981년 이후 최고)",기업실적,장전,예정,상회,3,1,◆,1.8,A,은행
US-20250414-01,2025-04-14,16831.48,0.64,N,N,"스마트폰·PC·반도체 상호관세 면제(4/11 금 밤 CBP 공지) → 애플 장초 +7%(종가 +2.2%); 트럼프 ""반도체 별도 관세"" 번복 발언",무역/관세,4/11 밤,돌발,—,5,2,▲,3.2,B,애플·전자제품
US-20250414-02,2025-04-14,16831.48,0.64,N,N,"트럼프 ""자동차 관세 일시 면제 검토"" → 자동차주↑",무역/관세,장중,돌발,—,3,1,▲,1.8,A,자동차
US-20250415-01,2025-04-15,16823.17,-0.05,N,N,"장후 엔비디아 ""H20 中 수출 무기한 허가제, 55억달러 손실"" 공시(16:10 ET) → 시간외 -6%",AI/반도체,16:10 ET 장후,돌발,—,5,1,▼,2.6,A,엔비디아
US-20250415-02,2025-04-15,16823.17,-0.05,N,N,BofA·씨티 호실적 vs 보잉 -2%(中 인도 거부 보도) → 보합,기업실적,장전,예정,상회,2,1,◆,1.4,A,은행·보잉
US-20250416-01,2025-04-16,16307.16,-3.07,N,N,"엔비디아 H20 대중 수출규제 55억달러 손실 → -6.9%, AMD -7%, ASML 수주 미달 → 반도체 급락",AI/반도체,전일 16:10 ET 장후,돌발,—,5,4,▼,4.4,B,AI 반도체
US-20250416-02,2025-04-16,16307.16,-3.07,N,N,"파월 시카고 연설 ""관세로 성장↓·물가↑, 연준 풋 없다"" (13:30 ET) → 장 후반 낙폭 확대, 나스닥 -3.1%",통화정책,13:30 ET 장중,예정,매파,5,3,▼,3.8,A,지수
US-20250417-01,2025-04-17,16286.45,-0.13,N,N,"트럼프 ""파월 해임 빨리 이뤄져야(termination cannot come fast enough)"" → 연준 독립성 우려 확산",정치,장중,돌발,—,5,1,▼,2.6,A,지수
US-20250417-02,2025-04-17,16286.45,-0.13,N,N,"유나이티드헬스 가이던스 하향 -22%(다우 급락), 넷플릭스 장후 호실적",기업실적,장전,예정,미달,3,1,▼,1.8,A,헬스케어
US-20250417-03,2025-04-17,16286.45,-0.13,N,N,(4/18 성금요일 휴장) ECB 25bp 인하,통화정책,08:15 ET 장전,예정,부합,1,1,◆,1.0,C,—
US-20250421-01,2025-04-21,15870.9,-2.55,N,Y,"트럼프 파월 ""Mr. Too Late, 루저"" 공격·해싯 ""해임 검토"" → 연준 독립성 우려로 주식·달러·국채 동반 약세(Sell America), 나스닥 -2.6%",정치,주말~장중,돌발,—,5,4,▼,4.4,B,지수·달러
US-20250421-02,2025-04-21,15870.9,-2.55,N,Y,"금 3,400달러 사상 최고",채권/금리,장중,—,—,3,1,◆,1.8,C,금
US-20250422-01,2025-04-22,16300.42,2.71,N,Y,"베선트 비공개 연설 ""中과 무역전쟁 지속 불가, 긴장 완화 예상""(JP모건 행사, 13:00 ET 보도) → 나스닥 +2.7%",무역/관세,13:00 ET 장중,돌발,—,4,4,▲,4.0,A,지수·중국 노출주
US-20250422-02,2025-04-22,16300.42,2.71,N,Y,"테슬라 장후 실적(부진)·머스크 ""DOGE 축소"" → 시간외 +5%",기업실적,16:00 ET 장후,예정,미달,3,1,▲,1.8,A,테슬라
US-20250423-01,2025-04-23,16708.05,2.50,N,Y,"트럼프 ""파월 해임 의도 없다"" + ""대중 관세 145% 상당히 인하될 것""(4/22 장후) → 나스닥 +2.5%(장중 +4% 후 베선트 ""일방 인하 없다""에 반납)",무역/관세,전일 17:00 ET 장후,돌발,—,5,4,▲,4.4,B,지수
US-20250423-02,2025-04-23,16708.05,2.50,N,Y,테슬라 +5.4%,기업실적,전일 장후,예정,—,2,1,▲,1.4,B,테슬라
US-20250424-01,2025-04-24,17166.04,2.74,N,N,"월러 ""관세 충격 크면 인하 가능"" + 美-中 협상 기대 → 나스닥 +2.7%, 3일 연속↑",통화정책,장중,돌발,—,3,4,▲,3.6,A,지수
US-20250424-02,2025-04-24,17166.04,2.74,N,N,"中 ""협상 진행 안 됨"" 부인에도 상승 / 장후 알파벳 호실적(자사주 700억달러)",기업실적,16:05 ET 장후,예정,상회,3,1,▲,1.8,A,알파벳
US-20250425-01,2025-04-25,17382.94,1.26,N,N,"알파벳 호실적 +1.7% + 中 일부 미국산 반도체 관세 면제 보도 → 나스닥 +1.3%, 주간 +6.7%",무역/관세,장중,돌발,—,3,3,▲,3.0,C,반도체·빅테크
US-20250428-01,2025-04-28,17366.13,-0.10,N,N,"빅테크 실적 주간(MS·메타·애플·아마존) 앞 관망, 보합",기업실적,—,예정,—,2,1,◆,1.4,C,빅테크
US-20250428-02,2025-04-28,17366.13,-0.10,N,N,"베선트 ""中 협상은 中에 달려""",무역/관세,장중,돌발,—,2,1,◆,1.4,C,—
US-20250429-01,2025-04-29,17461.32,0.55,N,N,자동차 관세 부담 완화 행정명령(부품 관세 중복 면제) → S&P 6일 연속↑,무역/관세,장중,돌발,—,3,1,▲,1.8,A,자동차
US-20250429-02,2025-04-29,17461.32,0.55,N,N,JOLTS 구인 719만 부진·소비자신뢰 86.0(2020년 이후 최저),거시지표,10:00 ET 장중,예정,예상 하회,2,1,▼,1.4,A,—
US-20250430-01,2025-04-30,17446.34,-0.09,N,N,"1Q GDP -0.3%(수입 급증, 2022년 이후 첫 역성장) + ADP 6.2만 부진 → 나스닥 장중 -2.5% 후 월말 리밸런싱으로 회복",거시지표,08:30 ET 장전,예정,예상 +0.3% → 실제 -0.3%,4,2,◆,2.8,A,지수
US-20250430-02,2025-04-30,17446.34,-0.09,N,N,장후 MS(애저 +35%)·메타 호실적 → 시간외 급등,기업실적,16:05 ET 장후,예정,상회,4,1,▲,2.2,A,MS·메타
US-20250430-03,2025-04-30,17446.34,-0.09,N,N,3월 근원 PCE 0.0% 둔화,거시지표,10:00 ET 장중,예정,예상 하회,2,1,▲,1.4,A,—
US-20250501-01,2025-05-01,17710.74,1.52,N,Y,MS +7.6%(시총 3조달러 복귀)·메타 +4.2% 호실적 → 나스닥 +1.5%,기업실적,전일 16:05 ET 장후,예정,상회,4,3,▲,3.4,B,빅테크·AI
US-20250501-02,2025-05-01,17710.74,1.52,N,Y,"中 상무부 ""美 협상 제안 평가 중"" → 무역 긴장 완화",무역/관세,장중,돌발,—,3,1,▲,1.8,C,중국 노출주
US-20250501-03,2025-05-01,17710.74,1.52,N,Y,장후 애플(관세 비용 9억달러)·아마존 실적,기업실적,16:30 ET 장후,예정,혼조,3,1,◆,1.8,A,애플·아마존
US-20250502-01,2025-05-02,17977.73,1.51,Y,N,"4월 고용 +17.7만(예상 13.8만) 호조 → 침체 우려 완화, S&P 9일 연속 상승(2004년 이후 최장) → 나스닥 +1.5%",거시지표,08:30 ET 장전,예정,예상 상회,4,3,▲,3.4,A,지수
US-20250502-02,2025-05-02,17977.73,1.51,Y,N,"애플 -3.7%(관세 비용), 아마존 -0.1%",기업실적,전일 장후,예정,—,2,1,▼,1.4,B,애플
US-20250505-01,2025-05-05,17844.24,-0.74,Y,N,버크셔 버핏 CEO 은퇴 발표(5/3) → 버크셔 -5%,기업이벤트,주말,돌발,—,4,1,▼,2.2,B,버크셔
US-20250505-02,2025-05-05,17844.24,-0.74,Y,N,"트럼프 ""외국산 영화 100% 관세"" 발표(5/4 일) → 넷플릭스 -1.9%, S&P 9일 연속 상승 마감",무역/관세,주말,돌발,—,3,1,▼,1.8,B,미디어
US-20250505-03,2025-05-05,17844.24,-0.74,Y,N,ISM 서비스 51.6 예상 상회,거시지표,10:00 ET 장중,예정,상회,1,1,▲,1.0,C,—
US-20250506-01,2025-05-06,17689.66,-0.87,N,N,베선트-허리펑 제네바 회담 일정 발표(장후),무역/관세,장후,돌발,—,4,1,▲,2.2,A,중국 노출주
US-20250506-02,2025-05-06,17689.66,-0.87,N,N,"트럼프 ""中과 협상 서두르지 않아"" + 팔란티어 -12%(실적 후 차익실현) → 나스닥 -0.9%",무역/관세,장중,돌발,—,3,1,▼,1.8,C,성장주
US-20250507-01,2025-05-07,17738.16,0.27,N,N,"알파벳 -7.3%(애플 에디 큐 ""사파리 검색 감소"" 증언) vs 엔비디아 +3%(AI 확산 규칙 폐기 보도)",AI/반도체,장중,돌발,—,4,2,◆,2.8,A,알파벳·엔비디아
US-20250507-02,2025-05-07,17738.16,0.27,N,N,"FOMC 4.25~4.50% 동결(예상 부합), 파월 ""관세로 인플레·실업 동반 상승 위험"", 인하 서두르지 않아",통화정책,14:00 ET 장중,예정,부합,5,1,◆,2.6,A,지수
US-20250508-01,2025-05-08,17928.14,1.07,N,Y,"美-英 무역합의 발표(첫 관세 딜, 기본 10% 유지·자동차 쿼터) → 나스닥 +1.1%",무역/관세,10:00 ET 장중,돌발,—,5,3,▲,3.8,A,지수
US-20250508-02,2025-05-08,17928.14,1.07,N,Y,엔비디아 +3%(바이든 AI 확산 규칙 폐지 공식화),AI/반도체,장중,돌발,—,3,2,▲,2.4,A,반도체
US-20250509-01,2025-05-09,17928.92,0.00,N,N,"제네바 美-中 협상(5/10~11) 앞 관망. 트럼프 ""대중 관세 80% 적절해 보여""",무역/관세,08:00 ET 장전,돌발,—,4,1,◆,2.2,A,중국 노출주
US-20250512-01,2025-05-12,18708.34,4.35,N,Y,"美-中 제네바 합의: 90일간 관세 대폭 인하(美 145%→30%, 中 125%→10%) (주말 협상, 월 04:00 ET 공동성명) → 나스닥 +4.35%, 아마존 +8%·애플 +6%",무역/관세,04:00 ET 장전,돌발,예상(50~80%) → 실제 30%,5,4,▲,4.4,B,지수·중국 노출주·소매
US-20250512-02,2025-05-12,18708.34,4.35,N,Y,트럼프 약가 인하 행정명령(최혜국 가격) → 제약주 약세,정책(미국),장전,돌발,—,3,1,▼,1.8,B,제약
US-20250513-01,2025-05-13,19010.08,1.61,N,N,"4월 CPI 2.3%(예상 2.4%) 하회 — 관세 전가 미미 → S&P 연간 플러스 전환, 나스닥 +1.6%",거시지표,08:30 ET 장전,예정,예상 하회,4,3,▲,3.4,A,지수
US-20250513-02,2025-05-13,19010.08,1.61,N,N,"트럼프 사우디 방문: 엔비디아 +5.6%(사우디 휴메인 AI 칩 공급), AMD +4%",AI/반도체,장중,돌발,—,4,2,▲,2.8,A,AI 반도체
US-20250514-01,2025-05-14,19146.81,0.72,N,N,"엔비디아 +4%·AMD +4.8%(UAE·사우디 AI 칩 계약 확대) → 나스닥 +0.7%, 5일 연속↑",AI/반도체,장중,돌발,—,3,2,▲,2.4,C,AI 반도체
US-20250514-02,2025-05-14,19146.81,0.72,N,N,유나이티드헬스 CEO 사임·가이던스 철회 -18%(5/13),기업이벤트,전일,돌발,—,3,1,▼,1.8,C,헬스케어
US-20250515-01,2025-05-15,19112.32,-0.18,N,N,4월 소매판매 +0.1% 둔화·PPI -0.5%(예상 +0.2%) → 혼조,거시지표,08:30 ET 장전,예정,예상 하회,3,1,◆,1.8,A,지수
US-20250515-02,2025-05-15,19112.32,-0.18,N,N,"월마트 ""관세로 가격 인상 불가피"" + 유나이티드헬스 DOJ 수사 -11%",기업실적,장전,예정,—,3,1,▼,1.8,A,소매·헬스케어
US-20250515-03,2025-05-15,19112.32,-0.18,N,N,"파월 ""공급충격 잦아질 것"" 정책 틀 재검토 연설",통화정책,08:40 ET,예정,—,2,1,◆,1.4,C,—
US-20250516-01,2025-05-16,19211.1,0.52,Y,N,"장후 무디스 美 신용등급 Aaa→Aa1 강등(17:00 ET, 3대 신평사 모두 AAA 상실)",재정,17:00 ET 장후,돌발,—,5,1,▼,2.6,A,국채·지수
US-20250516-02,2025-05-16,19211.1,0.52,Y,N,옵션 만기·미시간 기대인플레 7.3% 급등에도 상승 → 주간 +7.2%,거시지표,10:00 ET 장중,예정,예상 상회,2,1,◆,1.4,C,지수
US-20250519-01,2025-05-19,19215.46,0.02,N,Y,"무디스 강등 소화: 30년물 5% 돌파, 나스닥 장초 -1.4% 후 회복(보합)",재정,전주 17:00 ET 장후,돌발,—,5,2,◆,3.2,B,국채·지수
US-20250519-02,2025-05-19,19215.46,0.02,N,Y,"월마트 가격 인상에 트럼프 ""관세 먹어라(eat the tariffs)""",무역/관세,주말,돌발,—,2,1,◆,1.4,C,소매
US-20250520-01,2025-05-20,19142.71,-0.38,N,N,"감세법안(OBBBA) 재정적자 우려 속 S&P 6일 연속 상승 마감, 나스닥 -0.4%",재정,장중,—,—,3,1,▼,1.8,C,지수
US-20250520-02,2025-05-20,19142.71,-0.38,N,N,"구글 I/O AI 발표, 홈디포 실적 무난",기업이벤트,장중,예정,—,2,1,◆,1.4,C,알파벳
US-20250521-01,2025-05-21,18872.64,-1.41,N,Y,"20년물 국채 입찰 부진(13:00 ET) → 30년물 5.09%·10년물 4.6% 급등, 감세법안 재정우려 → 나스닥 -1.4%",채권/금리,13:00 ET 장중,예정,입찰 수요 부진,4,3,▼,3.4,A,지수·금리민감주
US-20250521-02,2025-05-21,18872.64,-1.41,N,Y,유나이티드헬스 -6%(메디케어 과다청구 보도),기업이벤트,장중,돌발,—,2,1,▼,1.4,C,헬스케어
US-20250522-01,2025-05-22,18925.74,0.28,N,N,"하원 감세법안(OBBBA) 1표 차 통과(07:00 ET) → 장초 금리 상승 후 진정, 나스닥 +0.3%",재정,07:00 ET 장전,예정,—,5,1,◆,2.6,B,국채
US-20250522-02,2025-05-22,18925.74,0.28,N,N,비트코인 11만달러 사상 최고 → 코인베이스·스트래티지↑,기타,장중,—,—,2,1,▲,1.4,C,가상자산
US-20250523-01,2025-05-23,18737.21,-1.00,N,Y,"트럼프 트루스소셜 ""EU 50% 관세 6/1부터"" + ""아이폰 美 생산 안 하면 25% 관세""(07:00 ET) → 나스닥 장초 -2%, 종가 -1.0%. 애플 -3%",무역/관세,07:00 ET 장전,돌발,—,5,3,▼,3.8,A,애플·유럽 노출주
US-20250527-01,2025-05-27,19199.16,2.47,N,Y,"트럼프, EU 50% 관세 7/9로 연기(5/25 일, 폰데어라이엔 통화) + 5월 소비자신뢰 98.0 급반등(예상 87.1) → 나스닥 +2.5%",무역/관세,주말,돌발,—,5,4,▲,4.4,B,지수·유럽 노출주
US-20250527-02,2025-05-27,19199.16,2.47,N,Y,(5/26 메모리얼데이 휴장) 日 초장기물 금리 급락(발행 축소 검토),채권/금리,장전,돌발,—,2,1,▲,1.4,C,국채
US-20250528-01,2025-05-28,19100.94,-0.51,N,N,"장후 엔비디아 1Q 매출 441억달러(H20 손실 제외 호조), 장후 국제무역법원 IEEPA 관세 무효 판결(17:00 ET 이후)",기업실적,16:20 ET 장후,예정,상회,5,1,▲,2.6,A,엔비디아·지수
US-20250528-02,2025-05-28,19100.94,-0.51,N,N,"FOMC 의사록(14:00 ET) ""스태그플레이션 위험·어려운 트레이드오프"" → 약세",통화정책,14:00 ET 장중,예정,—,3,1,▼,1.8,A,지수
US-20250529-01,2025-05-29,19175.87,0.39,N,N,"국제무역법원 ""IEEPA 상호관세 위법·무효"" 판결 → 장초 급등, 항소법원 효력정지(14:00 ET경)로 상승폭 축소",무역/관세,전일 장후,돌발,—,5,2,▲,3.2,B,지수·수입의존
US-20250529-02,2025-05-29,19175.87,0.39,N,N,엔비디아 +3.3% 호실적 반영,기업실적,전일 장후,예정,상회,4,2,▲,2.8,B,AI 반도체
US-20250529-03,2025-05-29,19175.87,0.39,N,N,1Q GDP 수정 -0.2%,거시지표,08:30 ET 장전,예정,—,1,1,◆,1.0,C,—
US-20250530-01,2025-05-30,19113.77,-0.32,N,N,"트럼프 ""中이 제네바 합의 위반"" 트윗(10:00 ET) → 장중 급락 후 회복, 보합. 5월 나스닥 +9.6%(2023.11 이후 최고의 달)",무역/관세,10:00 ET 장중,돌발,—,4,2,▼,2.8,A,중국 노출주
US-20250530-02,2025-05-30,19113.77,-0.32,N,N,"장후 트럼프 ""철강 관세 25%→50%"" 발표(펜실베이니아 연설)",무역/관세,장후,돌발,—,3,1,▼,1.8,A,철강
US-20250530-03,2025-05-30,19113.77,-0.32,N,N,4월 근원 PCE 2.5% 둔화,거시지표,08:30 ET 장전,예정,부합,2,1,▲,1.4,A,—
US-20250602-01,2025-06-02,19242.61,0.67,N,N,"철강관세 50%(6/4 발효) 발표 소화 + 美-中 정상 통화 기대 → 나스닥 +0.7%, 엔비디아 +1.7%",무역/관세,주말,돌발,—,3,1,▲,1.8,B,철강·반도체
US-20250602-02,2025-06-02,19242.61,0.67,N,N,"우크라 ""거미줄 작전"" 러 전략폭격기 드론 공격(6/1)",지정학,주말,돌발,—,3,1,◆,1.8,C,방산
US-20250602-03,2025-06-02,19242.61,0.67,N,N,ISM 제조업 48.5 위축,거시지표,10:00 ET 장중,예정,예상 하회,2,1,▼,1.4,A,—
US-20250603-01,2025-06-03,19398.96,0.81,N,N,"엔비디아 +2.8%(시총 1위 탈환), OECD 美 성장률 1.6%로 하향",AI/반도체,장중,—,—,3,1,▲,1.8,C,반도체
US-20250603-02,2025-06-03,19398.96,0.81,N,N,"4월 JOLTS 구인 739만(예상 710만) 상회 → 고용 견조, 나스닥 +0.8%",거시지표,10:00 ET 장중,예정,상회,2,1,▲,1.4,A,지수
US-20250604-01,2025-06-04,19460.49,0.32,N,N,"5월 ADP 고용 3.7만(예상 11만, 2년 만에 최저)·ISM 서비스 49.9 위축 → 금리 하락",거시지표,08:15/10:00 ET,예정,예상 하회,3,1,◆,1.8,A,지수
US-20250604-02,2025-06-04,19460.49,0.32,N,N,"트럼프 ""시진핑과 합의 극히 어렵다""",무역/관세,장전,돌발,—,2,1,▼,1.4,C,중국 노출주
US-20250605-01,2025-06-05,19298.45,-0.83,N,N,"트럼프-머스크 공개 설전(""정부 계약 해지"" 위협) → 테슬라 -14.3%(시총 1,520억달러 증발)",기업이벤트,14:00 ET 장중,돌발,—,5,2,▼,3.2,A,테슬라
US-20250605-02,2025-06-05,19298.45,-0.83,N,N,트럼프-시진핑 90분 통화(희토류 합의) → 장초 상승 후 반납,무역/관세,장전,돌발,—,4,1,▲,2.2,A,중국 노출주
US-20250605-03,2025-06-05,19298.45,-0.83,N,N,"브로드컴 장후 실적, 룰루레몬 가이던스 하향",기업실적,16:00 ET 장후,예정,—,2,1,◆,1.4,A,반도체
US-20250606-01,2025-06-06,19529.95,1.20,N,Y,"5월 고용 +13.9만(예상 12.6만)·실업률 4.2% → 침체 우려 완화, 나스닥 +1.2%",거시지표,08:30 ET 장전,예정,예상 상회,4,3,▲,3.4,A,지수
US-20250606-02,2025-06-06,19529.95,1.20,N,Y,"테슬라 +3.7% 반등, 트럼프 ""美-中 런던 협상 6/9"" 발표",무역/관세,장중,돌발,—,3,1,▲,1.8,C,테슬라·중국 노출주
US-20250609-01,2025-06-09,19591.24,0.31,N,N,"美-中 런던 무역협상 개시(희토류·반도체 수출통제) → 나스닥 +0.3%, 4일 연속↑",무역/관세,장중,예정,—,4,1,▲,2.2,C,중국 노출주
US-20250609-02,2025-06-09,19591.24,0.31,N,N,애플 WWDC 실망 -1.2%,기업이벤트,13:00 ET 장중,예정,—,2,1,▼,1.4,A,애플
US-20250610-01,2025-06-10,19714.99,0.63,N,N,"런던 협상 2일째 ""순조"" (러트닉) → 나스닥 +0.6%",무역/관세,장중,예정,—,3,1,▲,1.8,C,중국 노출주
US-20250610-02,2025-06-10,19714.99,0.63,N,N,"오픈AI-구글 클라우드 계약 보도, 오픈AI ARR 100억달러",AI/반도체,장중,돌발,—,2,1,▲,1.4,C,AI
US-20250611-01,2025-06-11,19615.88,-0.50,N,N,5월 CPI 2.4%(근원 2.8%) 예상 하회,거시지표,08:30 ET 장전,예정,예상 하회,4,1,▲,2.2,A,지수
US-20250611-02,2025-06-11,19615.88,-0.50,N,N,"런던 협상 ""프레임워크 합의""(희토류 공급 재개) 발표 — 반응 제한적, 장 후반 이란 긴장(美 대사관 철수)으로 -0.5%",무역/관세,장전,돌발,—,4,1,◆,2.2,A,중국 노출주·에너지
US-20250612-01,2025-06-12,19662.49,0.24,N,N,장후 이스라엘 이란 핵시설 공습 개시(20:00 ET경),지정학,장후,돌발,—,5,1,▼,2.6,A,지수
US-20250612-02,2025-06-12,19662.49,0.24,N,N,오라클 +13%(클라우드 가이던스 상향) + 5월 PPI +0.1% 하회 → 나스닥 +0.2%,기업실적,전일 장후,예정,상회,3,1,▲,1.8,B,오라클·AI 인프라
US-20250612-03,2025-06-12,19662.49,0.24,N,N,보잉 -5%(에어인디아 787 추락),기타,장전,돌발,—,3,1,▼,1.8,A,항공
US-20250613-01,2025-06-13,19406.83,-1.30,N,Y,"이스라엘 이란 핵·군사시설 공습(""일어서는 사자"" 작전) + 이란 보복 미사일 → WTI +7%, 나스닥 -1.3%",지정학,전일 20:00 ET 이후,돌발,—,5,3,▼,3.8,B,지수·에너지·항공
US-20250613-02,2025-06-13,19406.83,-1.30,N,Y,방산·에너지주 급등,지정학,장중,—,—,3,2,▲,2.4,C,방산·에너지
US-20250616-01,2025-06-16,19701.21,1.52,N,Y,"이란 ""휴전·협상 의향"" 보도(WSJ) → 유가 -2% 반락, 나스닥 +1.5%",지정학,장전,돌발,—,4,3,▲,3.4,B,지수·에너지
US-20250616-02,2025-06-16,19701.21,1.52,N,Y,G7 정상회의(캐나다) 개막,지정학,장중,예정,—,2,1,◆,1.4,C,—
US-20250617-01,2025-06-17,19521.09,-0.91,N,N,"트럼프 G7 조기 귀국 + 이란에 ""무조건 항복"" 요구·美 개입 시사 → 유가 +4%, 나스닥 -0.9%",지정학,장중,돌발,—,5,2,▼,3.2,A,지수·에너지
US-20250617-02,2025-06-17,19521.09,-0.91,N,N,5월 소매판매 -0.9%(예상 -0.6%) 부진,거시지표,08:30 ET 장전,예정,예상 하회,3,1,▼,1.8,A,소비재
US-20250618-01,2025-06-18,19546.27,0.13,N,N,"FOMC 동결, 점도표 연내 2회 인하 유지(7명은 0회) + 파월 ""여름 관세 인플레 확인"" → 보합",통화정책,14:00 ET 장중,예정,부합,5,1,◆,2.6,A,지수
US-20250618-02,2025-06-18,19546.27,0.13,N,N,"트럼프 ""이란 공격할 수도 안 할 수도""",지정학,장중,돌발,—,3,1,◆,1.8,C,에너지
US-20250618-03,2025-06-18,19546.27,0.13,N,N,(6/19 준틴스 휴장),기타,—,예정,—,1,1,◆,1.0,C,—
US-20250620-01,2025-06-20,19447.41,-0.51,N,N,"WSJ ""삼성·SK하이닉스·TSMC 中 공장 美 장비 반입 면제(VEU) 철회 추진"" 보도 → 엔비디아 -1.1%·반도체 약세, 나스닥 -0.5%",AI/반도체,장중,돌발,—,3,2,▼,2.4,A,반도체
US-20250620-02,2025-06-20,19447.41,-0.51,N,N,"백악관 ""이란 공격 여부 2주 내 결정""(6/19) + 쿼드러플 위칭",지정학,전일,돌발,—,4,1,◆,2.2,C,에너지
US-20250620-03,2025-06-20,19447.41,-0.51,N,N,"월러 ""7월 인하 가능"" 발언",통화정책,08:30 ET 장전,돌발,—,2,1,▲,1.4,C,—
US-20250623-01,2025-06-23,19630.97,0.94,N,Y,"美 B-2 이란 포르도 등 핵시설 공습(6/21 토) → 이란 카타르 美 기지 ""사전 통보된"" 보복(장중) → 확전 우려 해소, WTI -7%, 나스닥 +0.9%. 장후 트럼프 휴전 발표",지정학,주말~14:00 ET,돌발,확전 우려 → 제한적 보복,5,2,▲,3.2,A,지수·에너지
US-20250623-02,2025-06-23,19630.97,0.94,N,Y,"보먼 부의장 ""7월 인하 지지 가능""",통화정책,10:00 ET 장중,돌발,—,2,1,▲,1.4,C,—
US-20250624-01,2025-06-24,19912.53,1.43,N,Y,"이스라엘-이란 휴전 발효, 유가 추가 -6% → 나스닥 +1.4%, 사상 최고 근접",지정학,전일 18:00 ET 장후,돌발,—,5,3,▲,3.8,B,지수·항공·에너지
US-20250624-02,2025-06-24,19912.53,1.43,N,Y,"파월 하원 증언 ""관세 없었다면 인하했을 것""",통화정책,10:00 ET 장중,예정,—,3,1,▲,1.8,A,—
US-20250625-01,2025-06-25,19973.55,0.31,N,N,"엔비디아 +4.3% 사상 최고(시총 3.77조달러, 1위) → 나스닥 +0.3%",AI/반도체,장중,—,—,3,1,▲,1.8,C,엔비디아
US-20250625-02,2025-06-25,19973.55,0.31,N,N,"파월 상원 증언, 트럼프 NATO 정상회의",통화정책,10:00 ET,예정,—,2,1,◆,1.4,C,—
US-20250626-01,2025-06-26,20167.91,0.97,N,N,"WSJ ""트럼프, 차기 연준의장 9~10월 조기 지명 검토"" → 비둘기파 기대로 금리↓·달러↓, 나스닥 +1.0%",통화정책,전일 장후,돌발,—,3,2,▲,2.4,B,지수
US-20250626-02,2025-06-26,20167.91,0.97,N,N,"내구재 주문 +16.4%·실업수당 23.6만 호조, 마이크론 호실적",거시지표,08:30 ET 장전,예정,상회,2,1,▲,1.4,A,—
US-20250627-01,2025-06-27,20273.46,0.52,N,N,"S&P(6,173.07)·나스닥 2월 이후 첫 사상 최고 경신 — 4월 저점 대비 +30%",수급/기술적,장중,—,—,4,1,▲,2.2,C,지수
US-20250627-02,2025-06-27,20273.46,0.52,N,N,"트럼프 ""캐나다 디지털세로 무역협상 즉시 중단""(13:00 ET) → 장중 반락 후 회복",무역/관세,13:00 ET 장중,돌발,—,3,1,▼,1.8,A,캐나다 노출주
US-20250627-03,2025-06-27,20273.46,0.52,N,N,5월 근원 PCE 2.7% 소폭 상회,거시지표,08:30 ET 장전,예정,상회,2,1,◆,1.4,A,—
US-20250630-01,2025-06-30,20369.73,0.47,N,N,"캐나다 디지털세 철회(6/29) → 협상 재개, 나스닥 +0.5% 사상 최고, 2분기 +17.8%(2020년 이후 최고 분기)",무역/관세,주말,돌발,—,3,1,▲,1.8,B,지수
US-20250630-02,2025-06-30,20369.73,0.47,N,N,오라클 +4%(연 300억달러 클라우드 계약 공시),기업이벤트,장중,돌발,—,2,1,▲,1.4,C,오라클
US-20250701-01,2025-07-01,20202.89,-0.82,N,N,상원 감세법안(OBBBA) 통과(부통령 캐스팅보트),재정,12:00 ET 장중,예정,—,4,1,◆,2.2,A,국채
US-20250701-02,2025-07-01,20202.89,-0.82,N,N,"테크 차익실현·로테이션(엔비디아 -3%, MS -1%) → 나스닥 -0.8%, 소형·가치주 강세",수급/기술적,장중,—,—,3,1,▼,1.8,C,빅테크
US-20250701-03,2025-07-01,20202.89,-0.82,N,N,"파월(ECB 신트라) ""관세 없었으면 인하했을 것"", JOLTS 777만 상회",통화정책,09:30 ET 장중,예정,—,3,1,◆,1.8,A,—
US-20250702-01,2025-07-02,20393.13,0.94,N,Y,"트럼프 美-베트남 무역합의 발표(관세 20%, 환적 40%) → 나이키 +4%, 나스닥 +0.9%",무역/관세,12:30 ET 장중,돌발,46% → 20%,4,2,▲,2.8,A,의류·신발·소매
US-20250702-02,2025-07-02,20393.13,0.94,N,Y,테슬라 2Q 인도량 예상 부합 +5%,기업이벤트,09:00 ET 장전,예정,부합,3,1,▲,1.8,A,테슬라
US-20250702-03,2025-07-02,20393.13,0.94,N,Y,ADP -3.3만(2023.3 이후 첫 감소),거시지표,08:15 ET 장전,예정,예상 +9.5만 → 실제 -3.3만,2,1,▼,1.4,A,—
US-20250703-01,2025-07-03,20601.11,1.02,N,Y,"6월 고용 +14.7만(예상 11만)·실업률 4.1%(예상 4.3%) → 7월 인하 기대 소멸에도 경기 안도, 나스닥 +1.0% 사상 최고(조기폐장 13:00 ET)",거시지표,08:30 ET 장전,예정,예상 상회,4,3,▲,3.4,A,지수
US-20250703-02,2025-07-03,20601.11,1.02,N,Y,하원 감세법안 최종 통과 → 7/4 트럼프 서명,재정,장중,예정,—,4,1,◆,2.2,C,국채
US-20250707-01,2025-07-07,20412.52,-0.92,N,N,"트럼프 14개국 관세 서한 공개(日·韓 25%, 8/1 발효) + BRICS 동조국 10% 추가 위협 → 나스닥 -0.9%",무역/관세,12:00 ET 장중,돌발,—,5,2,▼,3.2,A,지수·日·韓 노출주
US-20250707-02,2025-07-07,20412.52,-0.92,N,N,"머스크 ""아메리카당"" 창당(7/5) → 테슬라 -6.8%",기업이벤트,주말,돌발,—,4,1,▼,2.2,B,테슬라
US-20250707-03,2025-07-07,20412.52,-0.92,N,N,상호관세 유예 8/1로 연장 행정명령(장후),무역/관세,장후,돌발,—,3,1,▲,1.8,A,—
US-20250708-01,2025-07-08,20418.47,0.03,N,N,"트럼프 ""구리 50% 관세"" → 구리 선물 +13%(사상 최대 일간 상승) + ""제약 최대 200%"" 위협 → 보합",무역/관세,장중,돌발,—,4,1,◆,2.2,A,구리·제약
US-20250708-02,2025-07-08,20418.47,0.03,N,N,"트럼프 ""8/1 연장 없다"" 발언",무역/관세,장중,돌발,—,3,1,▼,1.8,C,—
US-20250709-01,2025-07-09,20611.34,0.94,N,N,엔비디아 장중 시총 4조달러 최초 돌파(상장사 사상 첫) → 나스닥 +0.9% 사상 최고,AI/반도체,장중,—,—,5,2,▲,3.2,C,엔비디아·AI
US-20250709-02,2025-07-09,20611.34,0.94,N,N,장후 트럼프 브라질 50% 관세 서한,무역/관세,장후,돌발,—,3,1,▼,1.8,A,브라질
US-20250709-03,2025-07-09,20611.34,0.94,N,N,"6월 FOMC 의사록 ""대부분 연내 인하 적절""",통화정책,14:00 ET 장중,예정,—,2,1,▲,1.4,A,—
US-20250710-01,2025-07-10,20630.67,0.09,N,N,"엔비디아 4조달러 종가 마감, 델타항공 호실적 +12% → 나스닥 사상 최고",기업실적,장전,예정,상회,3,1,▲,1.8,A,항공·반도체
US-20250710-02,2025-07-10,20630.67,0.09,N,N,장후 트럼프 캐나다 35% 관세 서한(8/1),무역/관세,장후,돌발,—,3,1,▼,1.8,A,캐나다 노출주
US-20250711-01,2025-07-11,20585.53,-0.22,N,N,"캐나다 35% 관세 서한 + ""대부분 국가 15~20% 일괄 관세"" 발언 → 나스닥 -0.2%",무역/관세,전일 장후,돌발,—,4,1,▼,2.2,B,지수
US-20250711-02,2025-07-11,20585.53,-0.22,N,N,"비트코인 11.8만달러 사상 최고, 리바이스 +11%",기타,장중,—,—,2,1,▲,1.4,C,가상자산
US-20250714-01,2025-07-14,20640.33,0.27,N,N,"트럼프 EU·멕시코 30% 관세 서한(7/12 토) 소화 — ""협상용"" 인식에 소폭 상승",무역/관세,주말,돌발,—,4,1,◆,2.2,B,유럽·멕시코 노출주
US-20250714-02,2025-07-14,20640.33,0.27,N,N,"트럼프 ""러 50일 내 휴전 안하면 100% 2차 관세""",지정학,12:00 ET 장중,돌발,—,3,1,◆,1.8,C,—
US-20250715-01,2025-07-15,20677.8,0.18,N,N,"엔비디아 ""H20 中 판매 재허가"" 발표(7/14 밤) → 엔비디아 +4%·AMD +6.4% → 나스닥 사상 최고(+0.2%)",AI/반도체,전일 장후,돌발,—,4,2,▲,2.8,B,AI 반도체
US-20250715-02,2025-07-15,20677.8,0.18,N,N,6월 CPI 2.7%(전월 2.4%) 반등·관세 품목 상승 → S&P·다우 하락,거시지표,08:30 ET 장전,예정,부합(헤드라인)·근원 소폭 하회,4,1,▼,2.2,A,지수
US-20250715-03,2025-07-15,20677.8,0.18,N,N,"JP모건·씨티 호실적, 웰스파고 NII 가이던스 하향",기업실적,장전,예정,혼조,2,1,◆,1.4,A,은행
US-20250716-01,2025-07-16,20730.49,0.25,N,N,"트럼프 파월 해임 초안 보도(블룸버그·CBS, 12:30 ET) → 나스닥 장중 -0.8% 급락, 트럼프 ""가능성 매우 낮다"" 부인 후 회복 +0.3%",정치,12:30 ET 장중,돌발,—,5,1,◆,2.6,A,지수·달러·국채
US-20250716-02,2025-07-16,20730.49,0.25,N,N,"6월 PPI 0.0% 하회, ASML ""2026 성장 불확실"" -8%",거시지표,08:30 ET 장전,예정,예상 하회,2,1,◆,1.4,A,반도체 장비
US-20250717-01,2025-07-17,20884.27,0.74,N,N,6월 소매판매 +0.6%(예상 0.1%)·실업수당 22.1만 호조 + TSMC 2Q 순익 +61%(사상 최대) → 나스닥 +0.7% 사상 최고,거시지표,08:30 ET 장전,예정,예상 상회,3,1,▲,1.8,A,지수·반도체
US-20250717-02,2025-07-17,20884.27,0.74,N,N,"펩시코 +7.5%, 장후 넷플릭스 호실적",기업실적,장전,예정,상회,2,1,▲,1.4,A,필수소비재
US-20250717-03,2025-07-17,20884.27,0.74,N,N,"월러 ""7월 25bp 인하 지지""",통화정책,장후(7/17),돌발,—,2,1,▲,1.4,C,—
US-20250718-01,2025-07-18,20895.65,0.05,N,N,"넷플릭스 -5%(마진 가이던스) vs 차터 -18%, 나스닥 사상 최고(+0.05%)",기업실적,전일 장후,예정,—,2,1,◆,1.4,B,미디어
US-20250718-02,2025-07-18,20895.65,0.05,N,N,"FT ""트럼프, EU에 15~20% 최소관세 요구""",무역/관세,장중,돌발,—,2,1,▼,1.4,C,유럽 노출주
US-20250718-03,2025-07-18,20895.65,0.05,N,N,지니어스법(스테이블코인) 서명,정책(미국),장중,예정,—,2,1,▲,1.4,C,가상자산
US-20250721-01,2025-07-21,20974.17,0.38,N,N,"실적시즌 본격화: 버라이즌 호실적, 알파벳 +2.7%(실적 기대) → 나스닥 사상 최고(+0.4%)",기업실적,장전,예정,상회,2,1,▲,1.4,A,통신·빅테크
US-20250721-02,2025-07-21,20974.17,0.38,N,N,日 참의원 선거 여당 과반 상실(7/20) → 엔 강세,정치,주말,예정,—,2,1,◆,1.4,C,—
US-20250722-01,2025-07-22,20892.69,-0.39,N,N,"장후 美-日 무역합의 발표(관세 15%, 5,500억달러 투자)",무역/관세,19:30 ET 장후,돌발,25% → 15%,5,1,▲,2.6,A,자동차·日 노출주
US-20250722-02,2025-07-22,20892.69,-0.39,N,N,"필립스·인니 무역합의(19%) 속 GM -8%(관세 비용 11억달러), 반도체 약세 → 나스닥 -0.4%",기업실적,장전,예정,미달,3,1,▼,1.8,A,자동차·반도체
US-20250723-01,2025-07-23,21020.02,0.61,N,Y,"美-日 무역합의(15%, 자동차 포함) → 나스닥 +0.6% 21,000 첫 돌파, S&P 사상 최고. EU도 15% 협상 보도",무역/관세,전일 19:30 ET 장후,돌발,25% → 15%,5,2,▲,3.2,B,지수·자동차
US-20250723-02,2025-07-23,21020.02,0.61,N,Y,"장후 알파벳(클라우드 +32%, 설비투자 850억달러 상향)·테슬라(순익 -16%) 실적",기업실적,16:05 ET 장후,예정,알파벳 상회·테슬라 미달,4,1,◆,2.2,A,알파벳·테슬라
US-20250724-01,2025-07-24,21057.96,0.18,N,N,"알파벳 +1% 호실적 vs 테슬라 -8.2%(머스크 ""몇 분기 험난"") → 나스닥 +0.2% 사상 최고",기업실적,전일 장후,예정,혼조,4,1,◆,2.2,B,알파벳·테슬라
US-20250724-02,2025-07-24,21057.96,0.18,N,N,트럼프 연준 청사 리노베이션 현장 방문(파월 압박),정치,16:00 ET,돌발,—,3,1,◆,1.8,C,—
US-20250724-03,2025-07-24,21057.96,0.18,N,N,ECB 동결,통화정책,08:15 ET 장전,예정,부합,1,1,◆,1.0,C,—
US-20250725-01,2025-07-25,21108.32,0.24,N,N,"인텔 -8.5%(수천명 감원·오하이오 공장 지연) 속 S&P 주간 5회 사상 최고, 나스닥 +0.2%",기업실적,전일 장후,예정,미달,3,1,◆,1.8,B,인텔·반도체
US-20250725-02,2025-07-25,21108.32,0.24,N,N,6월 내구재 주문 -9.3%,거시지표,08:30 ET 장전,예정,부합,1,1,◆,1.0,C,—
US-20250728-01,2025-07-28,21178.58,0.33,N,N,"美-EU 무역합의(7/27 일, 스코틀랜드): 관세 15%·EU 美 에너지 7,500억달러 구매 → 나스닥 +0.3% 사상 최고, 엔비디아 +1.9%",무역/관세,주말,돌발,30% 위협 → 15%,5,2,▲,3.2,B,유럽 노출주·지수
US-20250728-02,2025-07-28,21178.58,0.33,N,N,美-中 스톡홀름 협상 개시(휴전 연장 논의),무역/관세,장중,예정,—,3,1,▲,1.8,C,중국 노출주
US-20250729-01,2025-07-29,21098.29,-0.38,N,N,"JOLTS 구인 744만 둔화·소비자신뢰 97.2 → 경기 둔화 신호, S&P 6일 연속 최고 행진 종료. 나스닥 -0.4%",거시지표,10:00 ET 장중,예정,예상 하회,2,1,▼,1.4,A,지수
US-20250729-02,2025-07-29,21098.29,-0.38,N,N,"유나이티드헬스 -7.5%(가이던스), 스톡홀름 협상 ""90일 연장 추진""",기업실적,장전,예정,미달,2,1,▼,1.4,A,헬스케어
US-20250730-01,2025-07-30,21129.67,0.15,N,N,"FOMC 4.25~4.50% 동결, 월러·보먼 인하 반대(1993년 이후 첫 이사 2명 반대) + 파월 ""9월 결정 안 해"" 매파 → 장중 하락",통화정책,14:00 ET 장중,예정,부합(동결)·매파 기자회견,5,1,▼,2.6,A,지수
US-20250730-02,2025-07-30,21129.67,0.15,N,N,장후 MS(애저 +39%)·메타(가이던스 서프라이즈) 호실적 → 시간외 +7~11%,기업실적,16:05 ET 장후,예정,상회,5,1,▲,2.6,A,MS·메타
US-20250730-03,2025-07-30,21129.67,0.15,N,N,2Q GDP 3.0%(예상 2.6%)·ADP 10.4만 호조,거시지표,08:15/08:30 ET 장전,예정,예상 상회,3,1,▲,1.8,A,—
US-20250730-04,2025-07-30,21129.67,0.15,N,N,"트럼프 한국 관세 15% 타결 발표(장후), 인도 25%·브라질 50% 서명",무역/관세,장후,돌발,—,3,1,◆,1.8,A,—
US-20250731-01,2025-07-31,21122.45,-0.03,N,N,메타 +11%·MS +3.9%(장중 시총 4조달러) → 장초 나스닥 +1.2% 후 상승분 반납(보합),기업실적,전일 장후,예정,상회,5,2,▲,3.2,B,빅테크·AI
US-20250731-02,2025-07-31,21122.45,-0.03,N,N,"트럼프 17개 제약사에 ""60일 내 약가 인하"" 서한 → 헬스케어 급락",정책(미국),장중,돌발,—,3,2,▼,2.4,A,제약
US-20250731-03,2025-07-31,21122.45,-0.03,N,N,"6월 근원 PCE 2.8% 상회 / 장후 애플·아마존 실적, 상호관세 행정명령(8/7 발효) 서명",거시지표,08:30 ET 장전,예정,상회,3,1,▼,1.8,A,—
US-20250801-01,2025-08-01,20650.13,-2.24,N,Y,7월 고용 +7.3만(예상 10만) + 5~6월 -25.8만 대폭 하향 → 침체 우려·9월 인하 확률 90% → 나스닥 -2.2%(5월 이후 최악),거시지표,08:30 ET 장전,예정,"예상 +10만 → 실제 +7.3만, 과거치 -25.8만",5,4,▼,4.4,A,지수
US-20250801-02,2025-08-01,20650.13,-2.24,N,Y,"상호관세 행정명령(7/31 밤, 69개국 10~41%, 8/7 발효) + 아마존 -8.3%(AWS 둔화)",무역/관세,전일 장후,예정,—,5,2,▼,3.2,B,지수·아마존
US-20250801-03,2025-08-01,20650.13,-2.24,N,Y,"트럼프 BLS 국장 해임(장후), 쿠글러 연준 이사 사임",정치,장후,돌발,—,4,1,▼,2.2,A,—
US-20250804-01,2025-08-04,21053.58,1.95,N,N,"고용 쇼크 → 9월 인하 기대 확산에 저가매수 반등 +2.0%, 엔비디아 +3.6%",통화정책,장중,—,—,3,3,▲,3.0,C,지수
US-20250804-02,2025-08-04,21053.58,1.95,N,N,장후 팔란티어 매출 10억달러 돌파 호실적,기업실적,16:00 ET 장후,예정,상회,3,1,▲,1.8,A,팔란티어
US-20250804-03,2025-08-04,21053.58,1.95,N,N,버크셔 2Q 실적 부진·크래프트하인즈 감액,기업실적,주말,예정,—,1,1,◆,1.0,C,—
US-20250805-01,2025-08-05,20916.55,-0.65,N,N,"7월 ISM 서비스 50.1(예상 51.5)·가격지수 69.9 급등 → 스태그 우려, 나스닥 -0.7%",거시지표,10:00 ET 장중,예정,예상 하회,3,1,▼,1.8,A,지수
US-20250805-02,2025-08-05,20916.55,-0.65,N,N,"팔란티어 +7.9%, 트럼프 ""반도체 관세 곧 발표"" · 장후 AMD 실적 부진",기업실적,전일 장후,예정,상회,2,1,◆,1.4,B,반도체
US-20250806-01,2025-08-06,21169.42,1.21,N,N,"애플 美 추가투자 1,000억달러(총 6,000억) 발표 예고 → 애플 +5.1%, 나스닥 +1.2%",기업이벤트,장중,돌발,—,4,3,▲,3.4,A,애플
US-20250806-02,2025-08-06,21169.42,1.21,N,N,"장후 트럼프 ""반도체 100% 관세, 美 투자 기업 면제"" 발표 + 인도 추가 25% 관세",무역/관세,장후,돌발,—,4,1,◆,2.2,A,반도체
US-20250807-01,2025-08-07,21242.7,0.35,N,N,"반도체 100% 관세 美 투자기업 면제 → 애플 +3.2%(주간 +13%), 나스닥 +0.35% 사상 최고",무역/관세,전일 장후,돌발,—,4,2,▲,2.8,B,애플·반도체
US-20250807-02,2025-08-07,21242.7,0.35,N,N,"상호관세 발효(00:01 ET), 트럼프 연준 이사에 미란 지명·월러 의장 유력 보도",무역/관세,00:01 ET,예정,—,4,1,◆,2.2,C,지수
US-20250807-03,2025-08-07,21242.7,0.35,N,N,영란은행 4.0%로 인하,통화정책,07:00 ET 장전,예정,부합,1,1,◆,1.0,C,—
US-20250808-01,2025-08-08,21450.02,0.98,N,N,애플 +4.2% 추가 상승 + 월러 차기 의장 유력(블룸버그) → 나스닥 +1.0% 사상 최고,통화정책,장중,돌발,—,3,2,▲,2.4,C,애플·지수
US-20250808-02,2025-08-08,21450.02,0.98,N,N,금 선물 관세 대상 혼선(CBP) → 금 사상 최고,무역/관세,장전,돌발,—,2,1,◆,1.4,C,금
US-20250811-01,2025-08-11,21385.4,-0.30,N,N,"엔비디아·AMD ""中 H20·MI308 매출 15% 美 정부 납부"" 합의 보도(FT) → 보합권 약세",AI/반도체,장전,돌발,—,4,1,▼,2.2,B,AI 반도체
US-20250811-02,2025-08-11,21385.4,-0.30,N,N,"7월 CPI(8/12) 앞 관망, 장후 美-中 관세휴전 90일 재연장(11/10까지) 행정명령",무역/관세,장후,돌발,—,4,1,▲,2.2,A,중국 노출주
US-20250812-01,2025-08-12,21681.9,1.39,N,Y,"7월 CPI 2.7%(예상 2.8%) 하회, 근원 3.1% → 9월 인하 확률 94% → 나스닥 +1.4% 사상 최고, 러셀 +3%",거시지표,08:30 ET 장전,예정,헤드라인 예상 하회,5,3,▲,3.8,A,지수·소형주
US-20250812-02,2025-08-12,21681.9,1.39,N,Y,美-中 휴전 90일 연장 확정,무역/관세,전일 장후,돌발,—,3,1,▲,1.8,B,중국 노출주
US-20250813-01,2025-08-13,21713.14,0.14,N,N,"베선트 ""9월 50bp 인하 가능, 금리 150~175bp 낮아야"" → 나스닥 +0.1% 사상 최고, 러셀 +2%",통화정책,장전,돌발,—,3,1,▲,1.8,A,소형주·금리민감주
US-20250814-01,2025-08-14,21710.67,-0.01,N,N,"7월 PPI +0.9%(예상 +0.2%, 3년 만에 최대) → 50bp 기대 소멸, 장초 급락 후 빅테크가 방어(보합)",거시지표,08:30 ET 장전,예정,예상 +0.2% → 실제 +0.9%,4,1,▼,2.2,A,지수·소형주
US-20250814-02,2025-08-14,21710.67,-0.01,N,N,태피스트리 -16%(관세 비용),기업실적,장전,예정,미달,1,1,▼,1.0,C,소비재
US-20250815-01,2025-08-15,21622.97,-0.40,N,N,트럼프-푸틴 알래스카 정상회담(장후) — 휴전 합의 없음,지정학,15:00 ET,예정,—,5,1,◆,2.6,C,—
US-20250815-02,2025-08-15,21622.97,-0.40,N,N,"인텔 +2.9%(美 정부 지분 투자 보도), 유나이티드헬스 +12%(버크셔 지분 공개) 속 반도체 약세 → 나스닥 -0.4%",기업이벤트,전일 장후,돌발,—,3,1,◆,1.8,B,헬스케어·인텔
US-20250815-03,2025-08-15,21622.97,-0.40,N,N,"7월 소매판매 +0.5% 양호, 미시간 기대인플레 반등",거시지표,08:30 ET 장전,예정,부합,2,1,◆,1.4,A,—
US-20250818-01,2025-08-18,21629.77,0.03,N,N,"젤렌스키·유럽 정상 백악관 회담, 트럼프 ""푸틴-젤렌스키 회담 추진"" → 관망 보합",지정학,13:00 ET 장중,예정,—,4,1,◆,2.2,C,방산
US-20250818-02,2025-08-18,21629.77,0.03,N,N,잭슨홀(8/21~23) 앞 관망,통화정책,—,예정,—,2,1,◆,1.4,C,—
US-20250819-01,2025-08-19,21314.96,-1.46,N,Y,"AI 거품론 확산(MIT 보고서 ""기업 95% 생성AI 수익 없어"" + 올트먼 ""AI 거품"" 발언) → 팔란티어 -9.4%, 엔비디아 -3.5%, 나스닥 -1.5%",AI/반도체,장중,돌발,—,4,3,▼,3.4,C,AI·반도체
US-20250819-02,2025-08-19,21314.96,-1.46,N,Y,인텔 +7%(소프트뱅크 20억달러 투자),기업이벤트,전일 장후,돌발,—,2,1,▲,1.4,B,인텔
US-20250820-01,2025-08-20,21172.86,-0.67,N,N,AI주 매도 이틀째 — 나스닥 장중 -1.9% 후 낙폭 축소(-0.7%),AI/반도체,장중,—,—,3,1,▼,1.8,C,AI
US-20250820-02,2025-08-20,21172.86,-0.67,N,N,"트럼프 쿡 연준 이사 사임 요구(모기지 사기 의혹) / 7월 FOMC 의사록 ""인플레 우려 우세""",통화정책,14:00 ET 장중,예정,매파,3,1,▼,1.8,A,—
US-20250820-03,2025-08-20,21172.86,-0.67,N,N,타깃 -6%(CEO 교체·가이던스),기업실적,장전,예정,미달,2,1,▼,1.4,A,소매
US-20250821-01,2025-08-21,21100.31,-0.34,N,N,"잭슨홀 개막 앞 관망, 월마트 가이던스 상향에도 -4.5% → 나스닥 -0.3%, 5일 연속 하락(S&P)",기업실적,장전,예정,혼조,2,1,▼,1.4,A,소매
US-20250821-02,2025-08-21,21100.31,-0.34,N,N,8월 S&P 제조업 PMI 53.3(3년 만에 최고)·실업수당 23.5만 증가,거시지표,09:45 ET 장중,예정,상회,2,1,◆,1.4,A,—
US-20250822-01,2025-08-22,21496.53,1.88,N,Y,"파월 잭슨홀 연설 ""위험 균형 이동, 정책 조정 필요할 수도"" → 9월 인하 시사, 나스닥 +1.9%, 다우 사상 최고, 러셀 +3.9%",통화정책,10:00 ET 장중,예정,예상(중립) → 비둘기,5,3,▲,3.8,A,지수·소형주
US-20250825-01,2025-08-25,21449.29,-0.22,N,N,"장후 트럼프 쿡 연준 이사 ""즉시 해임"" 통보(20:00 ET경) — 연준 사상 초유",정치,장후,돌발,—,5,1,▼,2.6,A,달러·국채
US-20250825-02,2025-08-25,21449.29,-0.22,N,N,잭슨홀 랠리 후 차익실현 → 나스닥 -0.2%,수급/기술적,장중,—,—,2,1,▼,1.4,C,지수
US-20250825-03,2025-08-25,21449.29,-0.22,N,N,"트럼프 ""가구 관세 조사"" 발표",무역/관세,장중,돌발,—,1,1,▼,1.0,C,가구
US-20250826-01,2025-08-26,21544.27,0.44,N,N,"쿡 해임 통보 → 쿡 ""법적 대응"", 장단기 금리차 확대에도 주식 영향 제한 → 나스닥 +0.4%",정치,전일 장후,돌발,—,5,1,◆,2.6,B,국채·달러
US-20250826-02,2025-08-26,21544.27,0.44,N,N,"보잉 +3.5%(대한항공 500억달러 계약), 에코스타 +70%(AT&T 주파수 230억달러)",기업이벤트,장중,돌발,—,2,1,▲,1.4,A,보잉·통신
US-20250827-01,2025-08-27,21590.14,0.21,N,N,"장후 엔비디아 2Q 매출 467억달러(데이터센터 소폭 미달, 中 H20 매출 0) → 시간외 -3%",기업실적,16:20 ET 장후,예정,매출 상회·데이터센터 미달,5,1,▼,2.6,A,AI 반도체
US-20250827-02,2025-08-27,21590.14,0.21,N,N,"엔비디아 실적 앞 관망, S&P 사상 최고 → 나스닥 +0.2%",AI/반도체,장중,—,—,2,1,▲,1.4,C,지수
US-20250828-01,2025-08-28,21705.16,0.53,N,N,"2Q GDP 3.3%로 상향(예상 3.1%) + 엔비디아 -0.8%에 그침 → 나스닥 +0.5%, S&P 사상 최고(6,501.86)",거시지표,08:30 ET 장전,예정,예상 상회,3,1,▲,1.8,A,지수
US-20250828-02,2025-08-28,21705.16,0.53,N,N,"월러 ""9월 인하 지지, 수개월 내 추가 인하""",통화정책,전일 장후,돌발,—,2,1,▲,1.4,C,—
US-20250829-01,2025-08-29,21455.55,-1.15,N,N,"델 -9%(AI 서버 마진)·마벨 -19%(데이터센터 가이던스) → AI 반도체 매도, 나스닥 -1.15%",기업실적,전일 장후,예정,미달,3,3,▼,3.0,B,AI 반도체
US-20250829-02,2025-08-29,21455.55,-1.15,N,N,"장후 연방순회항소법원 ""IEEPA 상호관세 대부분 위법""(7대4), 10/14까지 효력 유지",무역/관세,17:00 ET 장후,돌발,—,5,1,◆,2.6,A,지수
US-20250829-03,2025-08-29,21455.55,-1.15,N,N,7월 근원 PCE 2.9% 부합,거시지표,08:30 ET 장전,예정,부합,2,1,◆,1.4,A,—
US-20250902-01,2025-09-02,21279.63,-0.82,N,N,"(9/1 노동절 휴장) 글로벌 장기금리 급등 — 英 30년물 1998년 이후 최고, 美 30년물 5% → 나스닥 -0.8%",채권/금리,장전,—,—,4,1,▼,2.2,C,지수·성장주
US-20250902-02,2025-09-02,21279.63,-0.82,N,N,"항소법원 관세 위법 판결 불확실성 + 트럼프 ""대법원 상고""",무역/관세,주말,돌발,—,4,1,▼,2.2,B,지수
US-20250902-03,2025-09-02,21279.63,-0.82,N,N,ISM 제조업 48.7 위축 지속,거시지표,10:00 ET 장중,예정,예상 하회,1,1,◆,1.0,C,—
US-20250903-01,2025-09-03,21497.72,1.02,N,Y,"구글 반독점 판결 ""크롬 매각 불요""(9/2 장후, 메흐타 판사) → 알파벳 +9.1%, 애플 +3.8%(검색 계약 유지) → 나스닥 +1.0%",정책(미국),전일 장후,예정,예상(크롬 매각) → 실제 행위 제한만,5,3,▲,3.8,B,알파벳·애플
US-20250903-02,2025-09-03,21497.72,1.02,N,Y,7월 JOLTS 718만(10개월 최저) → 금리 하락,거시지표,10:00 ET 장중,예정,예상 하회,2,1,▲,1.4,A,—
US-20250904-01,2025-09-04,21707.69,0.98,N,N,"ADP 5.4만(예상 6.5만)·실업수당 23.7만 증가 → 금리 하락, 나스닥 +1.0%·S&P 사상 최고",거시지표,08:15/08:30 ET 장전,예정,예상 하회,3,2,▲,2.4,A,지수
US-20250904-02,2025-09-04,21707.69,0.98,N,N,장후 브로드컴 오픈AI 100억달러 수주 호실적,기업실적,16:15 ET 장후,예정,상회,3,1,▲,1.8,A,브로드컴
US-20250905-01,2025-09-05,21700.39,-0.03,N,N,"8월 고용 +2.2만(예상 7.5만) 쇼크·실업률 4.3%(2021년 이후 최고)·6월 -1.3만 첫 감소 → 장초 +0.5% 후 경기우려로 반납(보합), 10년물 4.07%",거시지표,08:30 ET 장전,예정,예상 +7.5만 → 실제 +2.2만,5,1,◆,2.6,A,지수
US-20250905-02,2025-09-05,21700.39,-0.03,N,N,브로드컴 +9.4% 호실적,기업실적,전일 장후,예정,상회,3,2,▲,2.4,B,브로드컴·AI 반도체
US-20250908-01,2025-09-08,21798.7,0.45,N,N,9월 FOMC 인하 기대 + 앱러빈·로빈후드 S&P500 편입 발표 → 나스닥 +0.5% 사상 최고,통화정책,장중,—,—,2,1,▲,1.4,C,지수
US-20250908-02,2025-09-08,21798.7,0.45,N,N,日 이시바 총리 사임(9/7) → 엔 약세,정치,주말,돌발,—,2,1,◆,1.4,C,—
US-20250908-03,2025-09-08,21798.7,0.45,N,N,佛 바이루 내각 불신임,정치,장중,예정,—,2,1,◆,1.4,C,—
US-20250909-01,2025-09-09,21879.49,0.37,N,N,"장후 오라클 RPO 4,550억달러(+359%) 발표 → 시간외 +27%",기업실적,16:05 ET 장후,예정,대폭 상회,5,1,▲,2.6,A,오라클·AI 인프라
US-20250909-02,2025-09-09,21879.49,0.37,N,N,"BLS 고용 벤치마크 수정 -91.1만(2024.4~2025.3, 사상 최대 하향) → 인하 기대 강화, 나스닥 +0.4% 사상 최고",거시지표,10:00 ET 장중,예정,예상 -80만 → 실제 -91.1만,4,1,▲,2.2,A,지수
US-20250909-03,2025-09-09,21879.49,0.37,N,N,이스라엘 카타르 도하 하마스 지도부 공습,지정학,장중,돌발,—,3,1,▼,1.8,C,에너지
US-20250910-01,2025-09-10,21886.06,0.03,N,N,"오라클 +36%(1992년 이후 최대 상승, 오픈AI 3,000억달러 계약) → 엘리슨 세계 1위 부호, AI 인프라 급등",기업실적,전일 16:05 ET 장후,예정,대폭 상회,5,2,▲,3.2,B,오라클·AI 인프라
US-20250910-02,2025-09-10,21886.06,0.03,N,N,찰리 커크 피격 사망(유타),정치,장중,돌발,—,4,1,◆,2.2,C,—
US-20250910-03,2025-09-10,21886.06,0.03,N,N,8월 PPI -0.1%(예상 +0.3%) 하회 vs 애플 -3%(아이폰 17 이벤트 실망) → 나스닥 보합 사상 최고,거시지표,08:30 ET 장전,예정,예상 하회,3,1,◆,1.8,A,지수·애플
US-20250911-01,2025-09-11,22043.07,0.72,N,N,"8월 CPI 2.9% 부합(근원 3.1%) + 실업수당 26.3만(4년 만에 최고) → 9월 인하 확신, 나스닥 +0.7% 22,000 첫 돌파",거시지표,08:30 ET 장전,예정,부합·고용 부진,4,1,▲,2.2,A,지수
US-20250911-02,2025-09-11,22043.07,0.72,N,N,ECB 동결,통화정책,08:15 ET 장전,예정,부합,1,1,◆,1.0,C,—
US-20250912-01,2025-09-12,22141.1,0.44,N,N,테슬라 +7.4%(머스크 10억달러 자사주 매입은 9/15) 속 나스닥 5일 연속 사상 최고(+0.4%),수급/기술적,장중,—,—,2,1,▲,1.4,C,테슬라
US-20250912-02,2025-09-12,22141.1,0.44,N,N,미시간대 소비심리 55.4 하락·기대인플레 상승,거시지표,10:00 ET 장중,예정,예상 하회,2,1,▼,1.4,A,—
US-20250912-03,2025-09-12,22141.1,0.44,N,N,장후 무디스·피치 佛 신용등급 강등(피치),재정,장후,돌발,—,1,1,◆,1.0,C,—
US-20250915-01,2025-09-15,22348.75,0.94,N,N,美-中 마드리드 협상 틱톡 프레임워크 합의 + 알파벳 시총 3조달러 돌파 → 나스닥 +0.9% 사상 최고,무역/관세,장전,돌발,—,4,2,▲,2.8,B,빅테크·중국 노출주
US-20250915-02,2025-09-15,22348.75,0.94,N,N,"테슬라 +3.6%(머스크 10억달러 매입), 中 ""엔비디아 반독점 위반"" 예비판정 → 엔비디아 -0.3%",기업이벤트,장전,돌발,—,3,1,◆,1.8,A,테슬라·엔비디아
US-20250916-01,2025-09-16,22333.96,-0.07,N,N,FOMC 개시 앞 관망 → 나스닥 -0.1%,통화정책,—,예정,—,2,1,◆,1.4,C,지수
US-20250916-02,2025-09-16,22333.96,-0.07,N,N,"8월 소매판매 +0.6%(예상 0.2%) 호조, 항소법원 쿡 이사 해임 효력정지·미란 이사 인준",거시지표,08:30 ET 장전,예정,상회,2,1,◆,1.4,A,—
US-20250917-01,2025-09-17,22261.33,-0.33,N,N,"FOMC 25bp 인하(4.00~4.25%, 2025년 첫 인하), 점도표 연내 2회 추가 → 파월 ""리스크 관리 차원 인하"" 매파 해석에 반락, 나스닥 -0.3%",통화정책,14:00 ET 장중,예정,부합(25bp)·미란 50bp 반대,5,1,◆,2.6,A,지수
US-20250917-02,2025-09-17,22261.33,-0.33,N,N,"中 ""엔비디아 RTX Pro 6000D 구매 금지"" 보도(FT) → 엔비디아 -2.6%",AI/반도체,장전,돌발,—,3,2,▼,2.4,A,엔비디아
US-20250918-01,2025-09-18,22470.73,0.94,N,Y,"엔비디아 인텔에 50억달러 투자·공동개발 → 인텔 +22.8%(1987년 이후 최대), 나스닥 +0.9% 사상 최고, 러셀2000 2021.11 이후 첫 사상 최고",AI/반도체,07:00 ET 장전,돌발,—,5,2,▲,3.2,B,반도체·소형주
US-20250918-02,2025-09-18,22470.73,0.94,N,Y,"실업수당 23.1만 감소, 영란은행 동결",거시지표,08:30 ET 장전,예정,예상 하회(양호),2,1,▲,1.4,A,—
US-20250919-01,2025-09-19,22631.48,0.72,N,N,"트럼프-시진핑 통화(틱톡 승인, APEC 회담 합의) + 쿼드러플 위칭 → 나스닥 +0.7% 사상 최고",무역/관세,09:00 ET 장중,예정,—,4,1,▲,2.2,A,중국 노출주
US-20250919-02,2025-09-19,22631.48,0.72,N,N,장후 H-1B 비자 수수료 10만달러 포고령 → IT서비스 영향,정책(미국),장후,돌발,—,3,1,▼,1.8,A,IT서비스·빅테크
US-20250922-01,2025-09-22,22788.98,0.70,N,Y,"엔비디아 오픈AI에 최대 1,000억달러 투자(10GW 데이터센터) → 엔비디아 +3.9%, 나스닥 +0.7% 3일 연속 사상 최고",AI/반도체,장중,돌발,—,5,2,▲,3.2,A,AI 반도체
US-20250922-02,2025-09-22,22788.98,0.70,N,Y,"오라클 +6%(틱톡 알고리즘 관리), 미란 ""금리 2%p 낮춰야""",기업이벤트,장중,돌발,—,2,1,▲,1.4,C,오라클
US-20250923-01,2025-09-23,22573.48,-0.95,N,Y,"파월 프로비던스 연설 ""주가 상당히 고평가(fairly highly valued)"" → 엔비디아 -2.8%·아마존 -3%, 나스닥 -0.95%",통화정책,12:35 ET 장중,예정,—,4,2,▼,2.8,A,빅테크·지수
US-20250923-02,2025-09-23,22573.48,-0.95,N,Y,"S&P 서비스 PMI 둔화, 오픈AI-오라클 스타게이트 신규 부지",AI/반도체,장중,—,—,2,1,◆,1.4,C,—
US-20250924-01,2025-09-24,22497.86,-0.33,N,N,"마이크론 호실적에도 -2.8%, 알리바바 AI 투자 확대 → 나스닥 -0.3%",기업실적,전일 장후,예정,상회,2,1,▼,1.4,B,반도체
US-20250924-02,2025-09-24,22497.86,-0.33,N,N,8월 신규주택판매 80만채(+20.5%) 급증 → 주택건설주↑,거시지표,10:00 ET 장중,예정,대폭 상회,2,1,▲,1.4,A,주택
US-20250925-01,2025-09-25,22384.7,-0.50,N,N,"오라클 -5%(180억달러 채권 발행), 장후 트럼프 ""브랜드 의약품 100%·대형트럭 25%·가구 30~50%"" 관세(10/1)",무역/관세,장후,돌발,—,4,1,▼,2.2,A,제약·트럭
US-20250925-02,2025-09-25,22384.7,-0.50,N,N,"2Q GDP 3.8%로 대폭 상향·실업수당 21.8만 감소 → 인하 기대 후퇴, 나스닥 -0.5% 3일 연속↓",거시지표,08:30 ET 장전,예정,예상 3.3% → 실제 3.8%,3,1,▼,1.8,A,지수
US-20250926-01,2025-09-26,22484.07,0.44,N,N,"8월 근원 PCE 2.9% 부합 → 인하 경로 유지 안도, 나스닥 +0.4%",거시지표,08:30 ET 장전,예정,부합,3,1,▲,1.8,A,지수
US-20250926-02,2025-09-26,22484.07,0.44,N,N,"제약 관세 ""美 공장 건설 기업 면제"" → 제약주 영향 제한",무역/관세,전일 장후,돌발,—,3,1,◆,1.8,B,제약
US-20250929-01,2025-09-29,22591.15,0.48,N,N,셧다운(10/1) 우려 속 기술주 상승 → 나스닥 +0.5%,재정,장중,예정,—,3,1,▲,1.8,C,지수
US-20250929-02,2025-09-29,22591.15,0.48,N,N,"트럼프 ""해외 영화 100% 관세"", 일렉트로닉아츠 550억달러 LBO",기업이벤트,장전,돌발,—,2,1,◆,1.4,C,미디어·게임
US-20250930-01,2025-09-30,22660.01,0.30,N,N,화이자 트럼프와 약가 합의(최혜국 가격) +6.8% → 제약주 급등,정책(미국),장중,돌발,—,3,2,▲,2.4,A,제약
US-20250930-02,2025-09-30,22660.01,0.30,N,N,"셧다운 임박에도 3분기 마감 +0.3% — 나스닥 3분기 +11.2%, S&P 5개월 연속↑",재정,장중,예정,—,4,1,◆,2.2,C,지수
US-20250930-03,2025-09-30,22660.01,0.30,N,N,8월 JOLTS 723만 부합,거시지표,10:00 ET 장중,예정,부합,1,1,◆,1.0,C,—
US-20251001-01,2025-10-01,22755.16,0.42,Y,N,"연방정부 셧다운 개시(00:01 ET, 2018년 이후 처음) → 영향 제한적, 나스닥 +0.4%",재정,00:01 ET,예정,—,5,1,◆,2.6,B,지수·국방·항공
US-20251001-02,2025-10-01,22755.16,0.42,Y,N,"9월 ADP -3.2만(예상 +5만) → 인하 기대 강화, 헬스케어 강세(화이자 여진)",거시지표,08:15 ET 장전,예정,예상 하회,3,1,▲,1.8,A,—
US-20251002-01,2025-10-02,22844.05,0.39,Y,N,"오픈AI-삼성·SK하이닉스 스타게이트 메모리 협력(10/1 서울) + 오픈AI 기업가치 5,000억달러 → 반도체 강세, 3대 지수 사상 최고",AI/반도체,전일 장후,돌발,—,4,1,▲,2.2,B,AI·메모리
US-20251002-02,2025-10-02,22844.05,0.39,Y,N,셧다운으로 주간 실업수당 발표 중단,재정,08:30 ET,—,—,2,1,◆,1.4,C,—
US-20251003-01,2025-10-03,22780.51,-0.28,Y,N,"셧다운으로 9월 고용보고서 발표 연기 → 팔란티어 -7.5%(군 보안 메모) 등 기술주 약세, 나스닥 -0.3%",재정,08:30 ET,예정,미발표,3,1,▼,1.8,C,지수
US-20251003-02,2025-10-03,22780.51,-0.28,Y,N,ISM 서비스 50.0 정체,거시지표,10:00 ET 장중,예정,예상 하회,2,1,▼,1.4,A,—
US-20251006-01,2025-10-06,22941.67,0.71,N,Y,"AMD-오픈AI 6GW 칩 공급·지분(최대 10%) 계약 → AMD +23.7%, 나스닥 +0.7% 사상 최고",AI/반도체,07:00 ET 장전,돌발,—,5,2,▲,3.2,B,AMD·AI 반도체
US-20251006-02,2025-10-06,22941.67,0.71,N,Y,日 다카이치 자민당 총재 선출(10/4) → 엔 약세·닛케이 급등,정치,주말,예정,—,3,1,◆,1.8,C,—
US-20251006-03,2025-10-06,22941.67,0.71,N,Y,佛 르코르뉘 총리 사임,정치,장전,돌발,—,2,1,◆,1.4,C,—
US-20251007-01,2025-10-07,22788.36,-0.67,N,N,"디인포메이션 ""오라클 AI 클라우드 마진 14%"" 보도 → 오라클 -2.5%·AI주 차익실현, 나스닥 -0.7%",AI/반도체,장중,돌발,—,3,2,▼,2.4,A,AI 인프라
US-20251007-02,2025-10-07,22788.36,-0.67,N,N,테슬라 저가 모델Y 공개 실망 -4.5%,기업이벤트,장중,예정,—,2,1,▼,1.4,A,테슬라
US-20251008-01,2025-10-08,23043.38,1.12,N,N,"9월 FOMC 의사록 ""연내 추가 인하 다수 지지"" + 엔비디아 +2.2%(xAI 투자) → 나스닥 +1.1% 23,000 첫 돌파",통화정책,14:00 ET 장중,예정,비둘기,3,3,▲,3.0,A,지수
US-20251008-02,2025-10-08,23043.38,1.12,N,N,장후 이스라엘-하마스 가자 휴전 1단계 합의,지정학,장후,돌발,—,4,1,▲,2.2,A,—
US-20251008-03,2025-10-08,23043.38,1.12,N,N,"금 4,000달러 첫 돌파",채권/금리,장중,—,—,3,1,◆,1.8,C,금
US-20251009-01,2025-10-09,23024.63,-0.08,N,N,"가자 휴전 1단계 합의 소화, 사상 최고 부근 보합(-0.1%)",지정학,전일 장후,돌발,—,4,1,◆,2.2,B,에너지·방산
US-20251009-02,2025-10-09,23024.63,-0.08,N,N,"中 희토류 수출통제 대폭 확대 발표(10/9, 해외 제품 0.1% 규정)",무역/관세,10/9 새벽,돌발,—,4,1,▼,2.2,C,반도체·방산
US-20251009-03,2025-10-09,23024.63,-0.08,N,N,"파월 ""경제 전망 불변"" 개회사, 델타항공 호실적 +4%",통화정책,08:30 ET,예정,—,2,1,◆,1.4,C,항공
US-20251010-01,2025-10-10,22204.43,-3.56,N,Y,"트럼프 ""中 희토류 통제에 대중 관세 대폭 인상 검토·APEC 회담 취소 가능""(10:57 ET 트루스소셜) → 나스닥 -3.56%(4월 이후 최악), 엔비디아 -4.9%·AMD -7.7%. 장후 ""11/1부터 100% 추가 + 핵심 SW 수출통제"" 공식화",무역/관세,10:57 ET 장중,돌발,—,5,4,▼,4.4,A,지수·반도체·중국 노출주
US-20251010-02,2025-10-10,22204.43,-3.56,N,Y,"가상자산 사상 최대 청산(190억달러, 장후)",기타,장후,—,—,4,1,▼,2.2,C,가상자산
US-20251013-01,2025-10-13,22694.61,2.21,N,Y,"트럼프 ""中 걱정 말라, 다 괜찮을 것""(10/12 일) + 밴스 ""협상 여지"" → 나스닥 +2.2% 반등",무역/관세,주말,돌발,—,5,4,▲,4.4,B,지수·반도체
US-20251013-02,2025-10-13,22694.61,2.21,N,Y,브로드컴-오픈AI 10GW 맞춤칩 계약 → 브로드컴 +9.9%,AI/반도체,09:00 ET 장전,돌발,—,4,2,▲,2.8,A,브로드컴
US-20251013-03,2025-10-13,22694.61,2.21,N,Y,(콜럼버스데이 채권시장 휴장),기타,—,예정,—,1,1,◆,1.0,C,—
US-20251014-01,2025-10-14,22521.7,-0.76,N,N,"中 한화오션 美 자회사 5곳 제재 + 美 선박 항만료 맞대응 + 트럼프 ""中 식용유 금수 검토""(장중) → 나스닥 -0.8%, 엔비디아·브로드컴↓",무역/관세,장전~장중,돌발,—,4,2,▼,2.8,A,반도체·조선
US-20251014-02,2025-10-14,22521.7,-0.76,N,N,"파월 ""수개월 내 QT 종료"" 시사 → 장 후반 낙폭 축소",통화정책,12:20 ET 장중,예정,비둘기,3,1,▲,1.8,A,지수
US-20251014-03,2025-10-14,22521.7,-0.76,N,N,JP모건·웰스파고·골드만·씨티 3Q 호실적,기업실적,장전,예정,상회,3,1,▲,1.8,A,은행
US-20251015-01,2025-10-15,22670.08,0.66,N,N,BofA·모건스탠리 호실적 + ASML 수주 호조 → 나스닥 +0.7%,기업실적,장전,예정,상회,3,1,▲,1.8,A,은행·반도체
US-20251015-02,2025-10-15,22670.08,0.66,N,N,"베선트 ""中 휴전 연장 가능"" vs 트럼프 ""中과 무역전쟁 중""",무역/관세,장중,돌발,—,3,1,◆,1.8,C,—
US-20251016-01,2025-10-16,22562.54,-0.47,N,N,"자이언스(-13%)·웨스턴얼라이언스(-11%) 대출 사기 손실 공시 → 지역은행 신용 공포(퍼스트브랜즈·트라이컬러 이후), 나스닥 -0.5%",기업이벤트,장전,돌발,—,4,2,▼,2.8,A,지역은행·금융
US-20251016-02,2025-10-16,22562.54,-0.47,N,N,TSMC 3Q 호실적·가이던스 상향,기업실적,장전,예정,상회,3,1,▲,1.8,A,반도체
US-20251016-03,2025-10-16,22562.54,-0.47,N,N,"10년물 4% 하회, 금 +2.5%",채권/금리,장중,—,—,2,1,◆,1.4,C,—
US-20251017-01,2025-10-17,22679.97,0.52,N,N,"트럼프 ""中 100% 관세 지속 불가능"" + 시진핑 회담 확인 → 나스닥 +0.5%, 지역은행 반등",무역/관세,장전,돌발,—,4,1,▲,2.2,B,지수·중국 노출주
US-20251017-02,2025-10-17,22679.97,0.52,N,N,"옵션 만기, 아메리칸익스프레스 호실적",기업실적,장전,예정,상회,1,1,▲,1.0,C,—
US-20251020-01,2025-10-20,22990.54,1.37,N,N,"美-中 쿠알라룸푸르 협상 일정 + 애플 +3.9%(아이폰 17 판매 호조, 사상 최고) → 나스닥 +1.4%",무역/관세,주말,돌발,—,3,3,▲,3.0,B,애플·지수
US-20251020-02,2025-10-20,22990.54,1.37,N,N,AWS 대규모 장애(03:00 ET~) — 아마존 주가 영향 제한,기업이벤트,새벽,돌발,—,4,1,◆,2.2,A,아마존·클라우드
US-20251021-01,2025-10-21,22953.67,-0.16,N,N,"오픈AI 브라우저 ""아틀라스"" 출시 → 알파벳 -2.4%, 나스닥 -0.2% 보합",AI/반도체,13:00 ET 장중,돌발,—,3,1,▼,1.8,A,알파벳
US-20251021-02,2025-10-21,22953.67,-0.16,N,N,"GM +15%(가이던스 상향)·코카콜라 호실적, 금 -5%(2013년 이후 최대 낙폭)",기업실적,장전,예정,상회,3,1,▲,1.8,A,자동차
US-20251021-03,2025-10-21,22953.67,-0.16,N,N,장후 넷플릭스 순익 미달(브라질 세금),기업실적,16:00 ET 장후,예정,미달,3,1,▼,1.8,A,넷플릭스
US-20251022-01,2025-10-22,22740.4,-0.93,N,N,"넷플릭스 -10% + 로이터 ""美, 中에 SW 기반 제품 수출통제 검토"" 보도(13:00 ET) → 나스닥 -0.9%",무역/관세,13:00 ET 장중,돌발,—,4,2,▼,2.8,A,기술주
US-20251022-02,2025-10-22,22740.4,-0.93,N,N,"장후 테슬라 순익 미달, 러 석유기업(로즈네프트·루코일) 美 제재",지정학,장후,돌발,—,3,1,◆,1.8,A,에너지
US-20251023-01,2025-10-23,22941.8,0.89,N,N,"백악관 ""트럼프-시진핑 10/30 부산 회담"" 확정 → 나스닥 +0.9%",무역/관세,장중,돌발,—,4,2,▲,2.8,A,지수·중국 노출주
US-20251023-02,2025-10-23,22941.8,0.89,N,N,"러 제재로 유가 +5%, 테슬라 +2%(실적 미달에도), IBM -1%",지정학,전일 장후,돌발,—,3,1,◆,1.8,B,에너지
US-20251023-03,2025-10-23,22941.8,0.89,N,N,장후 인텔 3Q 흑자 전환 호실적,기업실적,16:00 ET 장후,예정,상회,2,1,▲,1.4,A,인텔
US-20251024-01,2025-10-24,23204.87,1.15,N,Y,"9월 CPI 3.0%(예상 3.1%)·근원 3.0% 하회(셧다운 중 예외 발표) → 3대 지수 사상 최고, 나스닥 +1.1%",거시지표,08:30 ET 장전,예정,예상 하회,4,3,▲,3.4,A,지수
US-20251024-02,2025-10-24,23204.87,1.15,N,Y,"포드 호실적 +12%, 인텔 +0.3%",기업실적,전일 장후,예정,상회,2,1,▲,1.4,B,자동차
US-20251024-03,2025-10-24,23204.87,1.15,N,Y,"트럼프 ""캐나다 추가 10% 관세""(레이건 광고)",무역/관세,장후,돌발,—,2,1,▼,1.4,C,캐나다 노출주
US-20251027-01,2025-10-27,23637.45,1.86,N,Y,"美-中 쿠알라룸푸르 협상 ""프레임워크 합의""(10/26 일, 베선트 ""100% 관세 사실상 철회"") → 나스닥 +1.9% 사상 최고",무역/관세,주말,돌발,—,5,3,▲,3.8,B,지수·반도체
US-20251027-02,2025-10-27,23637.45,1.86,N,Y,"美-日·말레이시아 등 아세안 합의, 퀄컴 AI200 칩 발표 +11%",AI/반도체,장중,돌발,—,3,1,▲,1.8,A,퀄컴
US-20251028-01,2025-10-28,23827.49,0.80,N,N,"엔비디아 GTC DC 키노트 ""블랙웰·루빈 5,000억달러 주문"" + 노키아 10억달러 투자 → 엔비디아 +5%(시총 5조 목전), 나스닥 +0.8%",AI/반도체,12:00 ET 장중,예정,—,4,2,▲,2.8,A,엔비디아
US-20251028-02,2025-10-28,23827.49,0.80,N,N,MS-오픈AI 재구조화 합의(MS 27% 지분) → MS 시총 4조달러,기업이벤트,장전,돌발,—,4,1,▲,2.2,A,MS
US-20251028-03,2025-10-28,23827.49,0.80,N,N,트럼프 방한·美-日 정상회담,지정학,장중,예정,—,2,1,◆,1.4,C,—
US-20251029-01,2025-10-29,23958.47,0.55,N,N,엔비디아 시총 5조달러 첫 돌파(+3%),AI/반도체,장중,—,—,5,2,▲,3.2,C,엔비디아
US-20251029-02,2025-10-29,23958.47,0.55,N,N,"FOMC 25bp 인하(3.75~4.00%) + 12/1 QT 종료 → 파월 ""12월 인하 기정사실 아냐(far from)"" 발언에 장 후반 반락. 나스닥 +0.5%",통화정책,14:00 ET 장중,예정,부합(25bp)·매파 기자회견,5,1,◆,2.6,A,지수·금리민감주
US-20251029-03,2025-10-29,23958.47,0.55,N,N,"장후 알파벳 호실적 / 메타 일회성 세금·설비투자 급증, MS 설비투자 증가",기업실적,16:05 ET 장후,예정,혼조,4,1,◆,2.2,A,빅테크
US-20251030-01,2025-10-30,23581.14,-1.57,Y,N,메타 -11%(AI 설비투자 급증·세금 159억달러)·MS -2.9% vs 알파벳 +2.5% → 나스닥 -1.6%,기업실적,전일 16:05 ET 장후,예정,설비투자 우려,5,3,▼,3.8,B,빅테크
US-20251030-02,2025-10-30,23581.14,-1.57,Y,N,"트럼프-시진핑 부산 회담: 펜타닐 관세 10%p 인하·희토류 통제 1년 유예·대두 구매 → ""셀 더 뉴스""",무역/관세,10/29 22:00 ET,예정,예상 부합,5,1,◆,2.6,B,중국 노출주
US-20251030-03,2025-10-30,23581.14,-1.57,Y,N,"파월 매파 발언 여진, 장후 애플·아마존 호실적",통화정책,전일,예정,—,3,1,▼,1.8,C,—
US-20251031-01,2025-10-31,23724.95,0.61,N,N,"아마존 +9.6%(AWS +20%, 2022년 이후 최고 성장) → 나스닥 +0.6%, 10월 +4.7%(7개월 연속↑)",기업실적,전일 16:00 ET 장후,예정,상회,4,2,▲,2.8,B,아마존·클라우드
US-20251031-02,2025-10-31,23724.95,0.61,N,N,"애플 -0.4%(아이폰 매출 미달), 로건·해맥 ""12월 인하 반대"" 발언",통화정책,장중,돌발,—,2,1,▼,1.4,C,—
US-20251103-01,2025-11-03,23834.72,0.46,N,N,"아마존-오픈AI 380억달러 클라우드 계약 → 아마존 +4%, 엔비디아 +2%(MS UAE 칩 수출 허가) → 나스닥 +0.5%",AI/반도체,07:00 ET 장전,돌발,—,4,1,▲,2.2,B,아마존·AI
US-20251103-02,2025-11-03,23834.72,0.46,N,N,킴벌리클라크 켄뷰 487억달러 인수 → -14.6%,기업이벤트,장전,돌발,—,2,1,▼,1.4,A,필수소비재
US-20251103-03,2025-11-03,23834.72,0.46,N,N,10월 ISM 제조업 48.7 위축 지속,거시지표,10:00 ET 장중,예정,예상 하회,1,1,◆,1.0,C,—
US-20251104-01,2025-11-04,23348.64,-2.04,N,Y,"AI 고평가 경고(골드만·모건스탠리 CEO ""10~20% 조정 가능"") + 팔란티어 -7.9%(호실적에도)·마이클 버리 AI 공매도 공개 → 나스닥 -2.0%",AI/반도체,장전,돌발,—,4,4,▼,4.0,A,AI·고밸류
US-20251104-02,2025-11-04,23348.64,-2.04,N,Y,"엔비디아 -4%, 비트코인 10만달러 하회",수급/기술적,장중,—,—,3,1,▼,1.8,C,엔비디아·가상자산
US-20251104-03,2025-11-04,23348.64,-2.04,N,Y,뉴욕시장 맘다니 당선 등 민주당 선거 압승(장후),정치,장후,예정,—,3,1,◆,1.8,C,—
US-20251105-01,2025-11-05,23499.8,0.65,Y,N,대법원 IEEPA 관세 구두변론 — 대법관 회의론 → 관세 무효 기대,무역/관세,10:00 ET 장중,예정,—,4,1,▲,2.2,A,수입의존
US-20251105-02,2025-11-05,23499.8,0.65,Y,N,10월 ADP +4.2만·ISM 서비스 52.4(8개월 최고) 호조 → 나스닥 +0.65% 반등,거시지표,08:15/10:00 ET,예정,예상 상회,3,1,▲,1.8,A,지수
US-20251105-03,2025-11-05,23499.8,0.65,Y,N,"AMD 호실적 +2.5%, 퀄컴 장후 실적",기업실적,전일 장후,예정,상회,2,1,▲,1.4,B,반도체
US-20251106-01,2025-11-06,23053.99,-1.90,N,N,"챌린저 10월 감원 15.3만명(2003년 이후 10월 최대, AI 대체) → AI주 재차 매도, 나스닥 -1.9%",거시지표,07:30 ET 장전,예정,급증,4,3,▼,3.4,A,지수·AI
US-20251106-02,2025-11-06,23053.99,-1.90,N,N,"퀄컴 -4%, 테슬라 주총 머스크 1조달러 보상안 승인(장후)",기업이벤트,장후,예정,—,3,1,◆,1.8,A,테슬라
US-20251107-01,2025-11-07,23004.54,-0.21,N,N,"미시간 소비심리 50.3(3년 만에 최저) + 셧다운 최장기록 → 장중 -2% 후 상원 협상 진전 보도로 회복(-0.2%), 나스닥 주간 -3%(4월 이후 최악)",거시지표,10:00 ET 장중,예정,예상 하회,3,2,▼,2.4,A,지수
US-20251107-02,2025-11-07,23004.54,-0.21,N,N,"블록 -7.7%(실적 미달), 펠로톤 +12%",기업실적,전일 장후,예정,혼조,1,1,◆,1.0,B,—
US-20251110-01,2025-11-10,23527.17,2.27,N,Y,"상원 셧다운 종료 임시예산 절차표결 통과(11/9 일 밤, 민주 8명 이탈) → 나스닥 +2.3%(5월 이후 최대), 엔비디아 +5.8%",재정,주말,돌발,—,5,4,▲,4.4,B,지수·AI
US-20251110-02,2025-11-10,23527.17,2.27,N,Y,"트럼프 ""관세 배당금 2,000달러"" 제안",정치,주말,돌발,—,2,1,◆,1.4,C,—
US-20251111-01,2025-11-11,23468.3,-0.25,N,N,"소프트뱅크 엔비디아 지분 전량(58억달러) 매각 → 엔비디아 -3%, AI주 약세 → 나스닥 -0.3% vs 다우 사상 최고(로테이션)",AI/반도체,장전,돌발,—,4,2,▼,2.8,A,AI 반도체
US-20251111-02,2025-11-11,23468.3,-0.25,N,N,"ADP 주간 고용 -1.1만(민간 추정) → 금리 하락, 코어위브 가이던스 하향 -16%",거시지표,08:15 ET 장전,예정,—,2,1,◆,1.4,A,—
US-20251111-03,2025-11-11,23468.3,-0.25,N,N,(재향군인의날 채권시장 휴장),기타,—,예정,—,1,1,◆,1.0,C,—
US-20251112-01,2025-11-12,23406.46,-0.26,N,N,장후 하원 임시예산안 통과·트럼프 서명 → 43일 최장 셧다운 종료,재정,장후,예정,—,5,1,▲,2.6,A,—
US-20251112-02,2025-11-12,23406.46,-0.26,N,N,"셧다운 종료 하원 표결 앞 AI주 약세 지속(오라클·코어위브) → 나스닥 -0.3%, 다우 첫 48,000",AI/반도체,장중,—,—,3,1,▼,1.8,C,AI 인프라
US-20251112-03,2025-11-12,23406.46,-0.26,N,N,"AMD 투자자의날 ""데이터센터 연 60% 성장"" +9%",기업이벤트,장중,예정,—,2,1,▲,1.4,A,AMD
US-20251113-01,2025-11-13,22870.36,-2.29,N,Y,"AI 고평가 우려 + 12월 인하 기대 급락(연준 인사 매파 발언, 인하 확률 50% 하회) → 나스닥 -2.3%(4월 이후 최악 수준), 엔비디아 -3.6%·테슬라 -6.6%",AI/반도체,장중,돌발,—,4,4,▼,4.0,C,지수·AI
US-20251113-02,2025-11-13,22870.36,-2.29,N,Y,"백악관 ""10월 고용·CPI 발표 못 할 수도"" → 데이터 공백 우려",재정,장중,돌발,—,3,1,▼,1.8,C,—
US-20251114-01,2025-11-14,22900.59,0.13,N,N,장초 나스닥 -1.9% 급락 후 저가매수로 +0.1% 반전(엔비디아 +1.8%),수급/기술적,장중,—,—,3,1,◆,1.8,C,지수
US-20251114-02,2025-11-14,22900.59,0.13,N,N,트럼프 소고기·커피·바나나 등 식품 관세 면제 행정명령(장후),무역/관세,장후,돌발,—,3,1,▲,1.8,A,식품
US-20251114-03,2025-11-14,22900.59,0.13,N,N,버크셔 알파벳 신규 매수 공개(장후),기업이벤트,장후,예정,—,3,1,▲,1.8,A,알파벳
US-20251117-01,2025-11-17,22708.07,-0.84,N,N,"엔비디아 실적(11/19) 앞 AI주 약세 지속 → 나스닥 -0.8%, 비트코인 9만달러 하회",AI/반도체,장중,—,—,3,1,▼,1.8,C,AI·가상자산
US-20251117-02,2025-11-17,22708.07,-0.84,N,N,알파벳 +3.1%(버크셔 지분) 역행,기업이벤트,전일 장후,예정,—,2,1,▲,1.4,B,알파벳
US-20251117-03,2025-11-17,22708.07,-0.84,N,N,"제퍼슨 부의장 ""천천히 가야""",통화정책,장중,돌발,—,1,1,▼,1.0,C,—
US-20251118-01,2025-11-18,22432.85,-1.21,Y,N,"AI주 4일 연속 매도 + 클라우드플레어 대규모 장애 → 나스닥 -1.2%, S&P 50일선 하회",AI/반도체,장중,—,—,3,3,▼,3.0,C,AI·기술주
US-20251118-02,2025-11-18,22432.85,-1.21,Y,N,"홈디포 가이던스 하향 -6%, 8월 고용(지연) 발표 일정",기업실적,장전,예정,미달,2,1,▼,1.4,A,소매
US-20251119-01,2025-11-19,22564.23,0.59,N,N,장후 엔비디아 3Q 매출 570억달러·4Q 가이던스 650억달러(예상 620억) 대폭 상회 → 시간외 +5%,기업실적,16:20 ET 장후,예정,대폭 상회,5,1,▲,2.6,A,엔비디아·AI
US-20251119-02,2025-11-19,22564.23,0.59,N,N,"10월 FOMC 의사록 ""다수 12월 인하 부적절"" → 장중 약세 후 +0.6%",통화정책,14:00 ET 장중,예정,매파,3,1,▼,1.8,A,지수
US-20251120-01,2025-11-20,22078.05,-2.15,N,N,"엔비디아 호실적에 장초 나스닥 +2.4% → -2.2%로 급반전(장중 변동폭 4.7%, 4월 이후 최대 반전). 엔비디아 +5%→-3.2%, 비트코인 8.7만달러",AI/반도체,전일 장후,예정,대폭 상회 → 셀 더 뉴스,5,4,▼,4.4,B,AI 반도체·지수
US-20251120-02,2025-11-20,22078.05,-2.15,N,N,"9월 고용 +11.9만(지연 발표, 예상 5만)·실업률 4.4% → 12월 인하 기대 혼란",거시지표,08:30 ET 장전,예정,고용 상회·실업률 상승,4,1,◆,2.2,A,—
US-20251120-03,2025-11-20,22078.05,-2.15,N,N,월마트 호실적 +6.5%,기업실적,장전,예정,상회,2,1,▲,1.4,A,소매
US-20251121-01,2025-11-21,22273.08,0.88,Y,N,"윌리엄스 뉴욕 연은 총재 ""가까운 시일 내 추가 인하 여지""(08:30 ET 칠레 연설) → 12월 인하 확률 70%로 급등, 나스닥 +0.9%, 러셀 +2.8%",통화정책,08:30 ET 장전,돌발,—,4,2,▲,2.8,A,지수·소형주
US-20251121-02,2025-11-21,22273.08,0.88,Y,N,알파벳 제미나이3 호평 +3.5%,AI/반도체,장중,—,—,2,1,▲,1.4,C,알파벳
US-20251124-01,2025-11-24,22872.0,2.69,N,Y,"알파벳 +6.3%(제미나이3·TPU 외부 판매 기대) + 월러 ""12월 인하 지지"" → 나스닥 +2.7%(5월 이후 최대)",AI/반도체,장중,돌발,—,4,4,▲,4.0,C,알파벳·지수
US-20251124-02,2025-11-24,22872.0,2.69,N,Y,美-우크라 제네바 평화안 협의,지정학,주말,돌발,—,3,1,▲,1.8,C,—
US-20251125-01,2025-11-25,23025.59,0.67,N,N,"디인포메이션 ""메타, 구글 TPU 도입 협상"" → 엔비디아 -2.6%·알파벳 +1.5%(시총 4조 근접)",AI/반도체,전일 장후,돌발,—,4,2,◆,2.8,B,AI 반도체
US-20251125-02,2025-11-25,23025.59,0.67,N,N,"9월 소매판매 +0.2%·PPI 부합, 해싯 차기 연준의장 유력(블룸버그) → 금리 하락, 나스닥 +0.7%",통화정책,장중,돌발,—,3,1,▲,1.8,C,지수·소형주
US-20251126-01,2025-11-26,23214.69,0.82,Y,N,추수감사절 앞 연속 상승: 연준 베이지북·실업수당 21.6만 감소 → 나스닥 +0.8%,거시지표,08:30 ET 장전,예정,양호,2,1,▲,1.4,C,지수
US-20251126-02,2025-11-26,23214.69,0.82,Y,N,델 호실적(AI 서버 수주),기업실적,전일 장후,예정,상회,1,1,▲,1.0,B,—
US-20251128-01,2025-11-28,23365.68,0.65,N,N,"CME 데이터센터 냉각 장애로 선물 거래 중단(장전) 후 조기폐장(13:00 ET) +0.65%, 11월 나스닥 -1.5%(7개월 연속 상승 중단)",기타,장전,돌발,—,3,1,▲,1.8,C,지수
US-20251128-02,2025-11-28,23365.68,0.65,N,N,(11/27 추수감사절 휴장),기타,—,예정,—,1,1,◆,1.0,C,—
US-20251201-01,2025-12-01,23275.92,-0.38,N,N,"우에다 BOJ 총재 ""12월 인상 검토"" 시사 → 글로벌 금리 상승 + 비트코인 8.6만달러 급락 → 나스닥 -0.4%, 5일 연속 상승 종료",통화정책,12/1 새벽(ET),돌발,—,4,1,▼,2.2,B,지수·가상자산
US-20251201-02,2025-12-01,23275.92,-0.38,N,N,11월 ISM 제조업 48.2 위축 확대,거시지표,10:00 ET 장중,예정,예상 하회,2,1,▼,1.4,A,—
US-20251202-01,2025-12-02,23413.67,0.59,Y,N,"트럼프 ""해싯 차기 의장 내정 시사""",통화정책,장후,돌발,—,3,1,▲,1.8,C,—
US-20251202-02,2025-12-02,23413.67,0.59,Y,N,비트코인 9만달러 반등·보잉 +10%(현금흐름 전망) → 나스닥 +0.6%,기업이벤트,장중,—,—,2,1,▲,1.4,C,보잉·가상자산
US-20251203-01,2025-12-03,23454.09,0.17,Y,N,"11월 ADP -3.2만(예상 +1만) → 12월 인하 확률 90%, 나스닥 +0.2%",거시지표,08:15 ET 장전,예정,예상 하회,3,1,▲,1.8,A,지수·소형주
US-20251203-02,2025-12-03,23454.09,0.17,Y,N,MS -2.5%(AI 판매목표 하향 보도 후 부인),AI/반도체,장중,돌발,—,2,1,▼,1.4,A,MS
US-20251204-01,2025-12-04,23505.14,0.22,Y,N,"실업수당 19.1만(3년 최저)에도 보합권 +0.2%, 메타 +3.4%(메타버스 예산 30% 삭감 보도)",기업이벤트,장중,돌발,—,2,1,▲,1.4,C,메타
US-20251204-02,2025-12-04,23505.14,0.22,Y,N,세일즈포스 가이던스 상향,기업실적,전일 장후,예정,상회,1,1,▲,1.0,C,—
US-20251205-01,2025-12-05,23578.13,0.31,Y,N,넷플릭스 워너브러더스 인수(827억달러) 발표 -2.9%,기업이벤트,장전,돌발,—,4,1,▼,2.2,A,미디어
US-20251205-02,2025-12-05,23578.13,0.31,Y,N,9월 PCE 근원 2.8% 둔화(지연 발표) + 미시간 기대인플레 하락 → 나스닥 +0.3%,거시지표,10:00 ET 장중,예정,예상 하회,3,1,▲,1.8,A,지수
US-20251208-01,2025-12-08,23545.9,-0.14,Y,N,"트럼프 ""엔비디아 H200 中 판매 허용(수익 25% 징수)"" (장후)",AI/반도체,장후,돌발,—,4,1,▲,2.2,A,엔비디아
US-20251208-02,2025-12-08,23545.9,-0.14,Y,N,"파라마운트 워너브러더스 적대적 인수 제안(1,080억달러) + FOMC 앞 관망 → 나스닥 -0.1%",기업이벤트,장중,돌발,—,3,1,◆,1.8,A,미디어
US-20251209-01,2025-12-09,23576.49,0.13,Y,N,"엔비디아 H200 中 수출 허용 소화 +0.3%, JOLTS 767만 상회 → 나스닥 +0.1%",AI/반도체,전일 장후,돌발,—,3,1,▲,1.8,B,엔비디아
US-20251209-02,2025-12-09,23576.49,0.13,Y,N,FOMC 1일차,통화정책,—,예정,—,2,1,◆,1.4,C,—
US-20251210-01,2025-12-10,23654.16,0.33,Y,N,"FOMC 25bp 인하(3.50~3.75%, 3연속) + 단기국채 매입(RMP 월 400억달러) + 파월 ""인상은 기본 시나리오 아냐"" → 나스닥 +0.3%, 러셀 사상 최고",통화정책,14:00 ET 장중,예정,부합·예상보다 비둘기,5,1,▲,2.6,A,지수·소형주
US-20251210-02,2025-12-10,23654.16,0.33,Y,N,장후 오라클 클라우드 매출 미달·설비투자 150억달러 상향 → 시간외 -11%,기업실적,16:05 ET 장후,예정,미달,4,1,▼,2.2,A,오라클·AI 인프라
US-20251211-01,2025-12-11,23593.86,-0.25,N,N,"오라클 -10.8%(AI 설비투자·부채 우려) → AI 인프라 매도, 나스닥 -0.3% vs 다우·S&P 사상 최고(로테이션)",기업실적,전일 16:05 ET 장후,예정,미달,4,2,▼,2.8,B,오라클·AI 인프라
US-20251211-02,2025-12-11,23593.86,-0.25,N,N,장후 브로드컴 호실적(가이던스 상회),기업실적,16:15 ET 장후,예정,상회,3,1,◆,1.8,A,브로드컴
US-20251212-01,2025-12-12,23195.17,-1.69,N,Y,"브로드컴 -11.4%(AI 매출 마진 희석 우려) + 오라클 ""오픈AI 데이터센터 완공 지연"" 보도(블룸버그) → 나스닥 -1.7%",AI/반도체,전일 장후~장중,돌발,—,4,3,▼,3.4,B,AI 반도체·인프라
US-20251212-02,2025-12-12,23195.17,-1.69,N,Y,10년물 4.19%로 상승(해맥·슈미드 인하 반대),채권/금리,장중,—,—,2,1,▼,1.4,C,—
US-20251215-01,2025-12-15,23057.41,-0.59,Y,N,AI주 매도 지속(브로드컴·오라클 추가 하락) → 나스닥 -0.6%,AI/반도체,장중,—,—,3,1,▼,1.8,C,AI 인프라
US-20251215-02,2025-12-15,23057.41,-0.59,Y,N,"11월 고용·CPI(12/16·18) 앞 관망, 아이로봇 파산",거시지표,—,예정,—,2,1,◆,1.4,C,—
US-20251216-01,2025-12-16,23111.46,0.23,N,N,"10~11월 고용 합산 발표: 11월 +6.4만·실업률 4.6%(2021년 이후 최고) → 혼조, 나스닥 +0.2%",거시지표,08:30 ET 장전,예정,고용 상회·실업률 상승,4,1,◆,2.2,A,지수
US-20251216-02,2025-12-16,23111.46,0.23,N,N,테슬라 +3% 사상 최고(로보택시 무인 주행),기업이벤트,장중,—,—,3,1,▲,1.8,C,테슬라
US-20251217-01,2025-12-17,22693.32,-1.81,N,Y,"FT ""블루아울, 오라클 미시간 데이터센터(100억달러) 자금조달 철회"" → 오라클 -5.4%·엔비디아 -3.8%·브로드컴 -4.5% → 나스닥 -1.8%(4일 연속↓)",AI/반도체,장전,돌발,—,5,3,▼,3.8,A,AI 인프라·반도체
US-20251217-02,2025-12-17,22693.32,-1.81,N,Y,트럼프 베네수엘라 유조선 봉쇄 명령 → 유가 +1%,지정학,전일 장후,돌발,—,3,1,◆,1.8,B,에너지
US-20251218-01,2025-12-18,23006.36,1.38,N,Y,11월 CPI 2.7%(예상 3.1%)·근원 2.6% 대폭 하회(셧다운 수집 왜곡 논란) + 마이크론 호실적 +10% → 나스닥 +1.4%,거시지표,08:30 ET 장전,예정,예상 3.1% → 실제 2.7%,5,3,▲,3.8,A,지수·반도체
US-20251218-02,2025-12-18,23006.36,1.38,N,Y,"영란은행 3.75%로 인하, ECB 동결",통화정책,07:00 ET 장전,예정,부합,1,1,◆,1.0,C,—
US-20251219-01,2025-12-19,23307.62,1.31,N,N,"BOJ 기준금리 0.75%로 인상(1995년 이후 최고, 예상 부합) → 엔 약세로 안도 + 쿼드러플 위칭(사상 최대 7.1조달러) → 나스닥 +1.3%",통화정책,12/18 23:00 ET,예정,부합,4,3,▲,3.4,B,지수
US-20251219-02,2025-12-19,23307.62,1.31,N,N,"오라클 +6.6%(틱톡 美 합작사 서명), 엔비디아 +3.9%",AI/반도체,장중,돌발,—,3,1,▲,1.8,A,오라클
US-20251222-01,2025-12-22,23428.83,0.52,Y,N,AI주 반등 지속(엔비디아 H200 中 출하 보도) + 산타랠리 → 나스닥 +0.5%,AI/반도체,장중,—,—,2,1,▲,1.4,C,AI 반도체
US-20251222-02,2025-12-22,23428.83,0.52,Y,N,"美 베네수엘라 유조선 추가 나포, 금 4,400달러 사상 최고",지정학,주말,돌발,—,2,1,◆,1.4,C,금·에너지
US-20251223-01,2025-12-23,23561.84,0.57,Y,N,"3Q GDP 4.3%(예상 3.3%, 2년 만에 최고, 지연 발표) → S&P 사상 최고, 나스닥 +0.6%",거시지표,08:30 ET 장전,예정,예상 상회,4,1,▲,2.2,A,지수
US-20251223-02,2025-12-23,23561.84,0.57,Y,N,소비자신뢰 89.1 하락,거시지표,10:00 ET 장중,예정,예상 하회,1,1,▼,1.0,C,—
US-20251224-01,2025-12-24,23613.31,0.22,Y,N,"크리스마스 이브 조기폐장(13:00 ET), S&P 사상 최고 경신 → 나스닥 +0.2%",수급/기술적,장중,—,—,2,1,▲,1.4,C,지수
US-20251224-02,2025-12-24,23613.31,0.22,Y,N,실업수당 21.4만 감소,거시지표,08:30 ET 장전,예정,양호,1,1,▲,1.0,C,—
US-20251226-01,2025-12-26,23593.1,-0.09,Y,N,"(12/25 휴장) 한산한 거래 속 보합(-0.1%), 엔비디아 +1%(그록 200억달러 라이선스·인재 영입)",AI/반도체,12/24,돌발,—,3,1,◆,1.8,C,엔비디아
US-20251226-02,2025-12-26,23593.1,-0.09,Y,N,은 80달러 돌파 등 귀금속 급등,채권/금리,장중,—,—,2,1,◆,1.4,C,귀금속
US-20251229-01,2025-12-29,23474.35,-0.50,Y,N,"연말 차익실현: 엔비디아 -1.2%·테슬라 -3% → 나스닥 -0.5%, 귀금속 급락(은 -9%)",수급/기술적,장중,—,—,2,1,▼,1.4,C,빅테크·귀금속
US-20251229-02,2025-12-29,23474.35,-0.50,Y,N,트럼프-젤렌스키 마러라고 회담,지정학,주말,예정,—,2,1,◆,1.4,C,—
US-20251230-01,2025-12-30,23419.08,-0.24,N,N,"12월 FOMC 의사록(14:00 ET) ""추가 인하 신중"" → 나스닥 -0.2%, 3일 연속↓",통화정책,14:00 ET 장중,예정,매파,3,1,▼,1.8,A,지수
US-20251230-02,2025-12-30,23419.08,-0.24,N,N,메타 AI 에이전트 스타트업 마누스 인수,기업이벤트,장중,돌발,—,2,1,◆,1.4,C,메타
US-20251231-01,2025-12-31,23241.99,-0.76,N,N,"연말 폐장: 나스닥 -0.8%(4일 연속↓), 2025년 +20.4%(3년 연속 두 자릿수), S&P +16.4%",수급/기술적,장중,—,—,4,1,▼,2.2,C,지수
US-20251231-02,2025-12-31,23241.99,-0.76,N,N,실업수당 19.9만 감소,거시지표,08:30 ET 장전,예정,양호,1,1,◆,1.0,C,—
